Date,Open,High,Low,Close
2018-02-28,25.5,25.540001,24.459999,24.459999
2018-03-01,24.58,24.719999,23.139999,23.74
2018-03-02,23.16,24.34,22.879999,24.219999
2018-03-05,24.02,24.879999,24.0,24.82
2018-03-06,24.9,24.9,24.24,24.74
2018-03-07,24.18,24.9,24.1,24.82
2018-03-08,24.959999,25.32,24.879999,25.280001
2018-03-09,25.52,26.459999,25.5,26.459999
2018-03-12,26.139999,26.219999,25.620001,25.700001
2018-03-13,26.059999,26.139999,25.299999,25.48
2018-03-14,25.74,25.74,25.040001,25.24
2018-03-15,25.360001,25.74,25.1,25.559999
2018-03-16,25.700001,26.139999,25.68,25.82
2018-03-19,25.559999,25.6,24.0,24.6
2018-03-20,24.74,25.02,24.6,24.940001
2018-03-21,25.059999,25.76,24.959999,25.059999
2018-03-22,24.299999,24.66,23.299999,23.379999
2018-03-23,23.639999,23.959999,22.76,22.82
2018-03-26,23.620001,23.700001,22.92,23.66
2018-03-27,23.719999,23.719999,22.6,22.82
2018-03-28,22.92,23.040001,22.219999,22.58
2018-03-29,22.860001,23.48,22.68,23.48
2018-04-02,23.02,23.16,21.799999,22.299999
2018-04-03,22.58,22.799999,22.280001,22.780001
2018-04-04,21.9,23.059999,21.9,22.98
2018-04-05,23.18,23.440001,22.98,23.379999
2018-04-06,23.02,23.34,22.139999,22.76
2018-04-09,22.84,23.040001,22.58,22.620001
2018-04-10,23.02,23.040001,22.66,22.959999
2018-04-11,22.700001,23.0,22.639999,22.82
2018-04-12,23.02,23.4,23.02,23.32
2018-04-13,23.639999,23.84,23.4,23.780001
2018-04-16,24.02,24.4,24.0,24.32
2018-04-17,24.58,25.26,24.5,25.1
2018-04-18,24.860001,25.16,24.34,25.059999
2018-04-19,24.700001,24.98,24.42,24.84
2018-04-20,24.82,25.0,24.32,24.48
2018-04-23,24.58,24.9,24.34,24.6
2018-04-24,24.879999,25.02,23.48,23.98
2018-04-25,23.92,23.940001,23.48,23.860001
2018-04-26,24.16,24.58,24.02,24.5
2018-04-27,24.66,24.76,24.24,24.700001
2018-04-30,24.82,25.059999,24.6,24.66
2018-05-01,24.58,24.9,24.4,24.879999
2018-05-02,24.9,25.299999,24.879999,24.940001
2018-05-03,24.719999,24.82,23.92,24.66
2018-05-04,24.48,25.139999,24.4,25.059999
2018-05-07,25.18,25.299999,25.02,25.139999
2018-05-08,25.059999,25.24,24.959999,25.16
2018-05-09,25.32,25.74,25.24,25.74
2018-05-10,25.799999,26.4,25.799999,26.360001
2018-05-11,26.299999,26.540001,26.139999,26.540001
2018-05-14,26.66,27.02,26.639999,26.959999
2018-05-15,26.459999,26.459999,25.799999,25.98
2018-05-16,26.200001,26.559999,26.18,26.42
2018-05-17,26.5,26.860001,26.34,26.82
2018-05-18,26.66,26.76,26.4,26.66
2018-05-21,27.1,27.34,26.9,27.02
2018-05-22,27.120001,27.200001,26.84,26.92
2018-05-23,26.48,27.18,26.280001,27.1
2018-05-24,27.059999,27.26,26.440001,27.18
2018-05-25,27.0,27.299999,26.879999,27.0
2018-05-29,26.360001,26.66,24.92,25.4
2018-05-30,25.719999,26.16,25.68,25.98
2018-05-31,25.98,26.059999,25.5,25.860001
2018-06-01,26.4,26.6,26.34,26.360001
2018-06-04,26.66,26.98,26.620001,26.98
2018-06-05,26.940001,27.139999,26.76,27.1
2018-06-06,27.219999,27.620001,27.139999,27.540001
2018-06-07,27.68,27.719999,26.92,27.360001
2018-06-08,27.120001,27.58,27.08,27.440001
2018-06-11,27.440001,27.780001,27.4,27.719999
2018-06-12,27.799999,27.879999,27.559999,27.719999
2018-06-13,27.92,27.98,27.540001,27.540001
2018-06-14,27.940001,28.18,27.799999,28.02
2018-06-15,27.74,27.940001,27.48,27.84
2018-06-18,27.459999,28.08,27.24,28.08
2018-06-19,27.120001,27.5,26.84,27.4
2018-06-20,27.620001,27.84,27.6,27.66
2018-06-21,27.6,27.6,26.459999,26.780001
2018-06-22,27.18,27.32,26.98,27.059999
2018-06-25,26.700001,26.700001,24.440001,25.16
2018-06-26,25.719999,25.98,25.24,25.66
2018-06-27,25.860001,26.18,24.66,25.0
2018-06-28,24.879999,25.34,24.360001,25.18
2018-06-29,25.620001,25.92,25.440001,25.440001
2018-07-02,24.879999,25.48,24.719999,25.440001
2018-07-03,25.76,25.84,25.219999,25.4
2018-07-05,25.68,25.82,25.34,25.76
2018-07-06,25.799999,26.5,25.780001,26.48
2018-07-09,26.84,27.24,26.799999,27.139999
2018-07-10,27.299999,27.459999,27.0,27.42
2018-07-11,26.82,27.16,26.700001,26.940001
2018-07-12,27.219999,27.440001,27.059999,27.42
2018-07-13,27.280001,27.6,27.16,27.540001
2018-07-16,27.639999,27.74,27.379999,27.620001
2018-07-17,27.42,27.959999,27.360001,27.76
2018-07-18,27.98,28.08,27.58,27.940001
2018-07-19,27.66,27.879999,27.48,27.620001
2018-07-20,27.459999,27.76,27.4,27.58
2018-07-23,27.559999,27.780001,27.360001,27.620001
2018-07-24,28.02,28.08,27.379999,27.92
2018-07-25,27.719999,28.1,27.700001,27.940001
2018-07-26,27.92,28.08,27.74,27.940001
2018-07-27,28.059999,28.059999,27.1,27.5
2018-07-30,27.639999,27.66,26.959999,27.1
2018-07-31,27.440001,27.58,27.32,27.48
2018-08-01,27.74,27.860001,27.42,27.639999
2018-08-02,27.1,27.860001,27.02,27.799999
2018-08-03,27.82,28.139999,27.76,27.959999
2018-08-06,28.08,28.540001,28.02,28.48
2018-08-07,28.700001,28.879999,28.639999,28.82
2018-08-08,28.82,29.139999,28.719999,29.02
2018-08-09,29.059999,29.200001,28.799999,28.82
2018-08-10,28.18,28.4,27.780001,28.1
2018-08-13,27.940001,28.42,27.24,27.26
2018-08-14,27.52,27.98,27.32,27.959999
2018-08-15,27.24,27.280001,26.120001,27.059999
2018-08-16,27.6,28.059999,27.58,27.82
2018-08-17,27.700001,28.280001,27.540001,28.219999
2018-08-20,28.52,28.6,28.379999,28.48
2018-08-21,28.58,28.68,28.16,28.18
2018-08-22,28.200001,28.48,28.18,28.360001
2018-08-23,28.52,28.639999,28.18,28.42
2018-08-24,28.6,28.74,28.459999,28.5
2018-08-27,28.74,28.74,28.459999,28.48
2018-08-28,28.620001,28.620001,28.32,28.440001
2018-08-29,28.459999,28.639999,28.34,28.459999
2018-08-30,28.459999,28.6,27.92,28.16
2018-08-31,28.02,28.440001,27.959999,28.34
2018-09-04,28.26,28.32,27.84,28.32
2018-09-05,28.120001,28.24,27.76,28.120001
2018-09-06,28.139999,28.200001,27.42,27.74
2018-09-07,27.42,27.76,27.26,27.459999
2018-09-10,27.780001,27.98,27.700001,27.860001
2018-09-11,27.719999,28.34,27.6,28.32
2018-09-12,28.34,28.58,28.26,28.459999
2018-09-13,28.780001,28.92,28.76,28.9
2018-09-14,28.940001,29.200001,28.82,29.18
2018-09-17,29.200001,29.24,28.700001,28.74
2018-09-18,28.83,29.075001,28.674999,28.674999
2018-09-19,29.190001,29.41,29.184999,29.290001
2018-09-20,29.495001,29.645,29.43,29.625
2018-09-21,29.540001,29.73,29.445,29.475
2018-09-24,29.42,29.540001,29.125,29.51
2018-09-25,29.674999,29.735001,29.295,29.344999
2018-09-26,29.525,29.684999,29.08,29.195
2018-09-27,29.379999,29.565001,29.334999,29.405001
2018-09-28,29.299999,29.545,29.215,29.545
2018-10-01,29.9,29.945,29.450001,29.65
2018-10-02,29.625,29.805,29.48,29.620001
2018-10-03,29.844999,29.855,29.549999,29.75
2018-10-04,29.485001,29.49,28.23,28.85
2018-10-05,28.99,29.26,27.709999,28.51
2018-10-08,28.174999,28.5,27.450001,28.379999
2018-10-09,28.045,28.559999,27.83,28.16
2018-10-10,27.93,27.93,25.775,25.82
2018-10-11,25.92,26.245001,24.059999,24.629999
2018-10-12,25.959999,25.995001,24.525,25.75
2018-10-15,25.459999,25.885,25.105,25.545
2018-10-16,25.975,26.49,25.809999,26.465
2018-10-17,26.51,26.51,25.545,26.32
2018-10-18,26.145,26.145,24.91,25.389999
2018-10-19,25.5,25.844999,25.1,25.52
2018-10-22,25.605,25.645,24.865,25.42
2018-10-23,24.315001,25.184999,23.959999,24.945
2018-10-24,25.065001,25.1,23.67,23.775
2018-10-25,24.084999,24.469999,23.725,24.235001
2018-10-26,23.475,23.965,23.049999,23.535
2018-10-29,24.0,24.184999,22.9,23.495001
2018-10-30,23.405001,23.965,23.290001,23.91
2018-10-31,24.165001,24.49,23.99,24.295
2018-11-01,24.27,24.705,24.075001,24.690001
2018-11-02,24.9,25.075001,24.1,24.59
2018-11-05,24.559999,24.84,24.469999,24.700001
2018-11-06,24.719999,25.120001,24.68,25.120001
2018-11-07,25.6,26.055,25.59,26.049999
2018-11-08,26.030001,26.434999,25.92,26.215
2018-11-09,25.905001,25.985001,25.360001,25.715
2018-11-12,25.700001,25.75,24.594999,24.695
2018-11-13,24.66,24.92,24.245001,24.565001
2018-11-14,24.82,24.860001,23.905001,24.264999
2018-11-15,24.045,24.475,23.735001,24.4
2018-11-16,24.165001,25.004999,24.059999,24.965
2018-11-19,24.975,25.049999,24.129999,24.35
2018-11-20,23.455,23.73,23.200001,23.525
2018-11-21,23.799999,23.975,23.645,23.805
2018-11-23,23.6,23.844999,23.495001,23.719999
2018-11-26,23.98,24.395,23.975,24.375
2018-11-27,24.264999,24.655001,24.129999,24.620001
2018-11-28,24.785,25.07,24.485001,24.965
2018-11-29,24.754999,24.92,24.275,24.73
2018-11-30,24.645,25.155001,24.584999,25.055
2018-12-03,26.0,26.055,25.620001,25.780001
2018-12-04,25.65,25.9,23.834999,24.155001
2018-12-06,23.07,23.865,22.485001,23.809999
2018-12-07,23.795,24.040001,22.74,22.955
2018-12-10,22.950001,23.174999,22.370001,23.030001
2018-12-11,23.450001,23.469999,22.684999,23.065001
2018-12-12,23.415001,23.549999,23.16,23.165001
2018-12-13,23.355,23.485001,23.084999,23.34
2018-12-14,23.084999,23.23,22.795,22.975
2018-12-17,22.790001,22.950001,22.075001,22.299999
2018-12-18,22.525,22.549999,21.955,22.25
2018-12-19,22.285,22.834999,21.969999,22.315001
2018-12-20,22.02,22.215,21.4,21.77
2018-12-21,21.735001,21.91,21.040001,21.209999
2018-12-24,21.075001,21.115,20.65,20.65
2018-12-26,20.73,21.215,20.459999,21.174999
2018-12-27,20.584999,20.85,20.059999,20.775
2018-12-28,20.764999,21.049999,20.440001,20.77
2018-12-31,21.055,21.184999,20.924999,21.15
2019-01-02,20.825001,21.530001,20.75,21.495001
2019-01-03,21.26,21.299999,20.745001,20.959999
2019-01-04,21.41,21.85,21.35,21.83
2019-01-07,21.915001,22.200001,21.75,22.055
2019-01-08,22.26,22.325001,21.879999,22.290001
2019-01-09,22.389999,22.684999,22.295,22.535
2019-01-10,22.379999,22.67,22.209999,22.66
2019-01-11,22.514999,23.049999,22.469999,23.035
2019-01-14,22.745001,23.174999,22.700001,22.995001
2019-01-15,23.049999,23.52,23.049999,23.514999
2019-01-16,23.625,23.68,23.290001,23.295
2019-01-17,23.219999,23.594999,23.205,23.405001
2019-01-18,23.754999,23.92,23.565001,23.785
2019-01-22,23.58,23.594999,22.485001,22.764999
2019-01-23,22.809999,22.844999,22.045,22.725
2019-01-24,22.700001,23.120001,22.555,23.1
2019-01-25,23.389999,23.58,23.299999,23.535
2019-01-28,23.129999,23.129999,22.67,23.045
2019-01-29,23.205,23.285,22.905001,23.075001
2019-01-30,23.264999,23.629999,23.07,23.605
2019-01-31,23.620001,24.115,23.620001,24.094999
2019-02-01,24.135,24.295,24.040001,24.215
2019-02-04,24.275,24.66,24.200001,24.615
2019-02-05,24.719999,24.98,24.605,24.690001
2019-02-06,24.815001,24.92,24.629999,24.775
2019-02-07,24.42,24.59,23.860001,24.375
2019-02-08,24.08,24.525,23.965,24.504999
2019-02-11,24.68,24.76,24.455,24.645
2019-02-12,24.924999,25.004999,24.785,24.85
2019-02-13,24.959999,25.014999,24.75,24.895
2019-02-14,24.605,24.9,24.379999,24.665001
2019-02-15,24.905001,25.110001,24.809999,25.084999
2019-02-19,24.860001,25.219999,24.82,25.055
2019-02-20,25.15,25.57,25.139999,25.549999
2019-02-21,25.514999,25.725,25.18,25.395
2019-02-22,25.605,25.895,25.57,25.865
2019-02-25,26.200001,26.299999,25.615,25.629999
2019-02-26,25.445,25.73,25.360001,25.514999
2019-02-27,25.389999,25.610001,25.045,25.495001
2019-02-28,25.49,25.76,25.459999,25.52
2019-03-01,25.85,26.110001,25.610001,26.09
2019-03-04,26.26,26.41,25.084999,25.77
2019-03-05,25.825001,25.875,25.495001,25.700001
2019-03-06,25.700001,25.709999,25.245001,25.32
2019-03-07,25.18,25.205,24.594999,24.860001
2019-03-08,24.459999,24.790001,24.26,24.785
2019-03-11,25.02,25.74,25.02,25.700001
2019-03-12,25.825001,26.075001,25.764999,26.065001
2019-03-13,26.145,26.315001,26.075001,26.190001
2019-03-14,26.195,26.455,26.165001,26.405001
2019-03-15,26.48,26.825001,26.43,26.66
2019-03-18,26.559999,26.73,26.334999,26.620001
2019-03-19,26.83,26.865,26.309999,26.5
2019-03-20,26.514999,26.799999,26.215,26.385
2019-03-21,26.190001,26.705,26.18,26.555
2019-03-22,26.26,26.4,24.915001,25.014999
2019-03-25,25.045,25.285,24.665001,25.01
2019-03-26,25.5,25.77,25.370001,25.695
2019-03-27,25.745001,25.809999,24.969999,25.51
2019-03-28,25.59,25.815001,25.405001,25.77
2019-03-29,26.01,26.209999,25.93,26.18
2019-04-01,26.32,26.445,26.209999,26.405001
2019-04-02,26.365,26.5,26.290001,26.445
2019-04-03,26.67,26.684999,26.155001,26.35
2019-04-04,26.43,26.57,26.25,26.465
2019-04-05,26.655001,26.76,26.559999,26.75
2019-04-08,26.719999,26.85,26.615,26.82
2019-04-09,26.625,26.709999,26.254999,26.34
2019-04-10,26.450001,26.719999,26.365,26.695
2019-04-11,26.885,27.004999,26.795,26.969999
2019-04-12,27.254999,27.620001,27.23,27.575001
2019-04-15,27.790001,27.805,27.195,27.75
2019-04-16,27.834999,28.004999,27.75,27.825001
2019-04-17,28.075001,28.1,27.504999,27.76
2019-04-18,27.795,27.995001,27.52,27.98
2019-04-22,27.82,28.115,27.709999,28.1
2019-04-23,28.184999,28.32,28.115,28.200001
2019-04-24,28.200001,28.225,27.855,27.870001
2019-04-25,27.700001,27.875,27.174999,27.584999
2019-04-26,27.725,28.065001,27.51,28.059999
2019-04-29,27.965,28.084999,27.83,27.84
2019-04-30,27.885,27.93,27.450001,27.83
2019-05-01,27.985001,28.075001,27.295,27.295
2019-05-02,27.434999,27.495001,26.75,27.26
2019-05-03,27.65,28.0,27.615,27.93
2019-05-06,26.530001,27.25,26.389999,27.135
2019-05-07,26.355,26.49,24.545,24.905001
2019-05-08,25.16,25.715,24.905001,25.26
2019-05-09,24.57,25.355,24.184999,25.315001
2019-05-10,25.195,26.309999,24.870001,26.309999
2019-05-13,24.65,25.084999,24.25,24.360001
2019-05-14,24.795,25.155001,24.709999,24.98
2019-05-15,24.65,25.559999,24.57,25.51
2019-05-16,25.625,26.165001,25.625,26.07
2019-05-17,25.559999,26.24,25.555,25.879999
2019-05-20,25.559999,25.934999,25.309999,25.709999
2019-05-21,26.135,26.389999,26.1,26.325001
2019-05-22,26.280001,26.6,26.245001,26.49
2019-05-23,25.969999,25.985001,25.360001,25.57
2019-05-24,25.969999,26.09,25.68,25.860001
2019-05-28,25.965,26.15,25.459999,25.459999
2019-05-29,25.174999,25.424999,24.965,25.200001
2019-05-30,25.495001,25.625,25.195,25.455
2019-05-31,24.855,25.17,24.745001,24.91
2019-06-03,24.955,25.190001,24.540001,24.825001
2019-06-04,25.200001,25.530001,25.025,25.51
2019-06-05,25.639999,25.844999,25.395,25.795
2019-06-06,25.889999,26.09,25.745001,26.049999
2019-06-07,26.094999,26.174999,25.92,25.940001
2019-06-10,26.125,26.165001,25.895,26.084999
2019-06-11,26.32,26.334999,25.84,26.02
2019-06-12,25.955,26.139999,25.844999,26.09
2019-06-13,26.24,26.299999,26.035,26.17
2019-06-14,26.094999,26.315001,25.965,26.280001
2019-06-17,26.325001,26.504999,26.275,26.450001
2019-06-18,26.67,26.775,26.475,26.52
2019-06-19,26.67,27.02,26.49,26.969999
2019-06-20,27.215,27.334999,26.52,26.92
2019-06-21,26.84,27.004999,26.549999,26.605
2019-06-24,26.725,26.855,26.665001,26.775
2019-06-25,26.77,26.77,26.33,26.375
2019-06-26,26.65,26.719999,26.4,26.485001
2019-06-27,26.6,26.82,26.530001,26.709999
2019-06-28,26.855,27.004999,26.775,26.934999
2019-07-01,27.73,27.745001,27.41,27.68
2019-07-02,27.674999,28.219999,27.66,28.165001
2019-07-03,28.174999,28.325001,28.059999,28.285
2019-07-05,27.995001,28.285,27.559999,28.200001
2019-07-08,27.889999,28.045,27.715,27.809999
2019-07-09,27.469999,27.85,27.42,27.785
2019-07-10,28.01,28.264999,27.985001,28.174999
2019-07-11,28.42,28.549999,28.209999,28.440001
2019-07-12,28.565001,28.725,28.450001,28.690001
2019-07-15,28.775,28.82,28.620001,28.709999
2019-07-16,28.815001,29.014999,28.625,28.655001
2019-07-17,28.855,28.915001,28.334999,28.334999
2019-07-18,28.344999,28.709999,28.125,28.445
2019-07-19,28.745001,28.799999,28.280001,28.290001
2019-07-22,28.315001,28.665001,28.235001,28.535
2019-07-23,28.82,29.1,28.594999,29.084999
2019-07-24,28.945,29.535,28.915001,29.455
2019-07-25,29.35,29.35,28.74,28.985001
2019-07-26,29.285,29.5,29.26,29.379999
2019-07-29,29.395,29.415001,29.139999,29.245001
2019-07-30,28.955,29.165001,28.82,28.879999
2019-07-31,28.91,29.15,27.615,28.094999
2019-08-01,28.07,28.690001,26.59,26.98
2019-08-02,26.995001,27.084999,26.34,26.879999
2019-08-05,25.865,26.014999,24.790001,24.975
2019-08-06,25.305,25.605,24.715,25.58
2019-08-07,24.75,25.629999,24.465,25.575001
2019-08-08,25.834999,26.389999,25.665001,26.305
2019-08-09,26.094999,26.225,25.57,25.844999
2019-08-12,25.66,25.695,24.855,24.91
2019-08-13,24.68,25.805,24.67,25.780001
2019-08-14,24.895,25.139999,23.945,23.945
2019-08-15,24.370001,24.465,23.809999,24.34
2019-08-16,24.58,25.049999,24.545,24.98
2019-08-19,25.565001,25.975,25.49,25.950001
2019-08-20,25.860001,25.93,25.545,25.59
2019-08-21,26.139999,26.295,26.045,26.280001
2019-08-22,26.35,26.385,25.655001,26.0
2019-08-23,25.605,26.155001,24.15,24.42
2019-08-26,25.075001,25.08,24.445,24.775
2019-08-27,25.040001,25.065001,24.245001,24.559999
2019-08-28,24.285,24.84,24.094999,24.82
2019-08-29,25.205,25.475,25.09,25.344999
2019-08-30,25.594999,25.605,24.98,25.305
2019-09-03,24.82,25.030001,24.605,24.719999
2019-09-04,25.215,25.514999,25.004999,25.469999
2019-09-05,25.825001,26.135,25.795,26.01
2019-09-06,26.174999,26.440001,26.07,26.379999
2019-09-09,26.610001,26.629999,26.145,26.455
2019-09-10,26.299999,26.555,26.110001,26.504999
2019-09-11,26.530001,26.825001,26.504999,26.705
2019-09-12,27.0,27.225,26.82,27.040001
2019-09-13,27.245001,27.43,27.135,27.225
2019-09-16,27.01,27.305,26.93,27.045
2019-09-17,27.004999,27.145,26.879999,27.135
2019-09-18,27.26,27.594999,26.9,27.57
2019-09-19,27.775,28.025,27.700001,27.785
2019-09-20,27.940001,28.004999,26.965,27.065001
2019-09-23,27.049999,27.405001,26.985001,27.155001
2019-09-24,27.565001,27.565001,26.42,26.530001
2019-09-25,26.5,26.945,26.084999,26.805
2019-09-26,26.84,26.870001,26.450001,26.715
2019-09-27,26.895,26.955,25.975,26.360001
2019-09-30,26.49,26.879999,26.485001,26.705
2019-10-01,27.075001,27.120001,26.09,26.129999
2019-10-02,25.77,25.77,25.065001,25.200001
2019-10-03,25.264999,25.705,24.915001,25.684999
2019-10-04,25.805,26.41,25.799999,26.41
2019-10-07,26.18,26.575001,26.08,26.254999
2019-10-08,25.780001,25.934999,25.205,25.225
2019-10-09,25.59,25.934999,25.43,25.495001
2019-10-10,25.665001,26.16,25.620001,26.094999
2019-10-11,26.545,27.094999,26.450001,26.91
2019-10-14,26.834999,27.35,26.834999,27.34
2019-10-15,27.575001,27.879999,27.575001,27.625
2019-10-16,27.709999,27.875,27.555,27.865
2019-10-17,28.0,28.139999,27.844999,27.924999
2019-10-18,27.865,28.08,27.629999,27.945
2019-10-21,28.07,28.33,28.07,28.33
2019-10-22,28.41,28.495001,28.07,28.094999
2019-10-23,28.0,28.275,27.975,28.275
2019-10-24,28.4,28.48,28.129999,28.459999
2019-10-25,28.375,28.924999,28.375,28.915001
2019-10-28,28.99,29.02,28.735001,28.785
2019-10-29,28.625,28.895,28.58,28.790001
2019-10-30,28.799999,29.174999,28.440001,29.15
2019-10-31,28.99,29.084999,28.594999,28.879999
2019-11-01,29.379999,29.620001,29.305,29.59
2019-11-04,29.815001,29.844999,29.440001,29.545
2019-11-05,29.475,29.514999,29.23,29.235001
2019-11-06,29.290001,29.35,29.014999,29.305
2019-11-07,29.594999,29.629999,29.334999,29.455
2019-11-08,29.375,29.775,29.26,29.719999
2019-11-11,29.440001,29.950001,29.415001,29.780001
2019-11-12,29.924999,30.110001,29.844999,29.959999
2019-11-13,29.825001,30.040001,29.754999,29.889999
2019-11-14,29.870001,30.115,29.715,30.09
2019-11-15,30.375,30.785,30.299999,30.780001
2019-11-18,30.780001,30.905001,30.639999,30.780001
2019-11-19,30.905001,30.93,30.549999,30.620001
2019-11-20,30.575001,30.790001,29.92,30.485001
2019-11-21,30.584999,30.610001,30.139999,30.440001
2019-11-22,30.674999,30.905001,30.514999,30.9
2019-11-25,31.365,31.615,31.235001,31.549999
2019-11-26,31.665001,31.870001,31.58,31.805
2019-11-27,31.91,31.965,31.844999,31.85
2019-11-29,31.715,31.780001,31.51,31.525
2019-12-02,31.575001,31.59,30.475,30.775
2019-12-03,29.530001,29.870001,29.24,29.575001
2019-12-04,30.264999,30.665001,30.145,30.49
2019-12-05,30.725,30.745001,30.215,30.690001
2019-12-06,31.285,31.360001,31.02,31.26
2019-12-09,31.17,31.23,30.405001,30.424999
2019-12-10,30.43,30.68,30.09,30.379999
2019-12-11,30.540001,30.83,30.440001,30.700001
2019-12-12,30.780001,31.66,30.67,31.594999
2019-12-13,31.49,32.32,31.33,32.299999
2019-12-16,32.810001,32.98,32.634998,32.665001
2019-12-17,32.814999,32.880001,32.555,32.759998
2019-12-18,32.959999,32.985001,32.580002,32.580002
2019-12-19,32.654999,33.009998,32.59,33.009998
2019-12-20,33.055,33.095001,32.744999,32.744999
2019-12-23,32.830002,32.869999,32.700001,32.715
2019-12-24,32.810001,32.955002,32.73,32.915001
2019-12-26,33.064999,33.080002,32.900002,32.915001
2019-12-27,33.0,33.0,32.404999,32.540001
2019-12-30,32.435001,32.445,31.790001,31.965
2019-12-31,31.785,32.705002,31.719999,32.615002
2020-01-02,33.084999,33.330002,32.735001,33.325001
2020-01-03,31.955,32.805,31.905001,32.470001
2020-01-06,31.93,32.630001,31.889999,32.625
2020-01-07,32.555,32.895,32.355,32.720001
2020-01-08,32.869999,33.465,32.75,33.040001
2020-01-09,33.41,33.650002,33.27,33.639999
2020-01-10,33.674999,33.904999,33.529999,33.715
2020-01-13,33.884998,34.169998,33.744999,34.084999
2020-01-14,34.115002,34.445,33.965,34.235001
2020-01-15,34.279999,34.455002,34.209999,34.310001
2020-01-16,34.544998,34.75,34.529999,34.735001
2020-01-17,34.724998,34.759998,34.345001,34.645
2020-01-21,34.439999,34.895,34.424999,34.535
2020-01-22,34.825001,34.845001,34.189999,34.189999
2020-01-23,34.150002,34.505001,33.84,34.455002
2020-01-24,34.73,34.785,33.099998,33.485001
2020-01-27,32.040001,32.439999,31.705,31.705
2020-01-28,32.119999,32.705002,32.005001,32.639999
2020-01-29,32.939999,33.080002,32.360001,32.595001
2020-01-30,31.98,32.880001,31.635,32.880001
2020-01-31,32.445,32.514999,30.450001,30.969999
2020-02-03,31.459999,32.0,31.25,31.615
2020-02-04,32.334999,32.650002,32.244999,32.439999
2020-02-05,33.02,33.115002,32.540001,33.115002
2020-02-06,33.255001,33.34,32.919998,33.264999
2020-02-07,32.785,33.18,32.575001,32.990002
2020-02-10,32.799999,33.299999,32.775002,33.189999
2020-02-11,33.505001,33.59,33.154999,33.205002
2020-02-12,33.535,34.080002,33.435001,34.035
2020-02-13,33.465,33.900002,33.360001,33.689999
2020-02-14,33.860001,33.970001,33.549999,33.919998
2020-02-18,33.630001,33.845001,33.27,33.549999
2020-02-19,33.895,34.0,33.720001,33.830002
2020-02-20,33.75,33.900002,32.650002,33.224998
2020-02-21,32.715,32.855,31.74,32.189999
2020-02-24,29.73,30.615,29.094999,29.135
2020-02-25,29.790001,29.879999,27.42,27.815001
2020-02-26,28.32,28.805,27.65,28.195
2020-02-27,26.950001,27.315001,25.955,25.969999
2020-02-28,24.455,25.49,24.155001,25.370001
2020-03-02,25.719999,25.934999,24.965,25.885
2020-03-03,25.9,26.415001,24.115,24.43
2020-03-04,24.975,25.305,24.540001,25.105
2020-03-05,24.040001,24.32,22.690001,23.155001
2020-03-06,21.059999,22.125,20.629999,21.934999
2020-03-09,17.91,19.885,17.780001,19.209999
2020-03-10,20.434999,20.48,19.275,20.155001
2020-03-11,19.344999,19.450001,18.545,18.889999
2020-03-12,17.215,18.15,16.299999,16.65
2020-03-13,17.785,17.809999,16.365,17.540001
2020-03-16,15.21,15.85,13.755,14.115
2020-03-17,14.6,14.965,13.94,14.445
2020-03-18,13.55,14.02,12.01,13.135
2020-03-19,12.805,14.41,12.455,13.845
2020-03-20,14.145,14.865,13.77,14.055
2020-03-23,14.52,15.335,14.1,15.125
2020-03-24,16.450001,16.82,15.525,15.66
2020-03-25,15.48,15.53,14.7,15.065
2020-03-26,15.225,15.795,15.175,15.675
2020-03-27,14.86,15.275,14.86,14.925
2020-03-30,14.9,15.175,14.665,15.125
2020-03-31,15.085,15.63,15.04,15.505
2020-04-01,14.97,15.36,14.72,14.85
2020-04-02,14.94,15.27,14.805,15.23
2020-04-03,15.305,15.625,15.145,15.555
2020-04-06,16.105,16.225,15.955,16.115
2020-04-07,16.35,16.379999,15.825,15.865
2020-04-08,15.915,16.120001,15.795,16.030001
2020-04-09,16.049999,16.219999,15.94,16.174999
2020-04-13,16.209999,16.370001,16.014999,16.35
2020-04-14,16.84,17.1,16.764999,17.035
2020-04-15,16.415001,16.559999,16.075001,16.275
2020-04-16,16.215,16.290001,15.98,16.235001
2020-04-17,16.535,16.6,16.290001,16.58
2020-04-20,16.09,16.315001,15.695,15.705
2020-04-21,15.13,15.185,14.75,15.07
2020-04-22,15.305,15.495,15.2,15.43
2020-04-23,15.525,15.675,15.3,15.445
2020-04-24,15.595,15.895,15.49,15.865
2020-04-27,16.115,16.58,16.09,16.485001
2020-04-28,16.73,16.790001,16.23,16.32
2020-04-29,16.795,17.014999,16.77,16.844999
2020-04-30,16.645,16.645,16.235001,16.559999
2020-05-01,15.86,16.014999,15.635,15.805
2020-05-04,15.55,15.995,15.465,15.965
2020-05-05,16.264999,16.514999,16.24,16.299999
2020-05-06,16.43,16.495001,16.16,16.16
2020-05-07,16.455,16.6,16.41,16.525
2020-05-08,16.76,17.105,16.700001,17.105
2020-05-11,16.860001,17.695,16.83,17.674999
2020-05-12,17.934999,17.985001,16.75,16.75
2020-05-13,16.584999,16.745001,15.53,15.855
2020-05-14,15.485,16.27,15.22,16.27
2020-05-15,15.875,16.48,15.75,16.48
2020-05-18,17.014999,17.1,16.855,16.995001
2020-05-19,16.93,17.135,16.530001,16.530001
2020-05-20,16.93,17.07,16.754999,17.035
2020-05-21,17.075001,17.15,16.639999,16.85
2020-05-22,16.76,16.924999,16.625,16.9
2020-05-26,17.295,17.309999,16.945,16.99
2020-05-27,17.23,17.24,16.629999,17.190001
2020-05-28,17.125,17.18,16.745001,16.834999
2020-05-29,16.785,17.16,16.639999,17.16
2020-06-01,16.93,17.145,16.885,17.075001
2020-06-02,17.125,17.33,17.030001,17.309999
2020-06-03,17.5,17.74,17.445,17.705
2020-06-04,17.65,18.025,17.559999,17.77
2020-06-05,18.315001,18.344999,18.129999,18.24
2020-06-08,18.26,18.305,17.940001,18.035
2020-06-09,17.77,17.834999,17.514999,17.584999
2020-06-10,17.51,17.955,17.344999,17.629999
2020-06-11,16.639999,17.045,14.475,14.645
2020-06-12,14.97,15.135,13.895,14.9
2020-06-15,14.2,15.165,13.93,15.1
2020-06-16,15.59,15.645,14.82,15.27
2020-06-17,15.33,15.35,15.015,15.255
2020-06-18,15.115,15.38,15.035,15.38
2020-06-19,15.565,15.62,14.995,15.255
2020-06-22,15.185,15.6,15.085,15.595
2020-06-23,15.93,15.94,15.645,15.7
2020-06-24,15.425,15.64,14.82,15.165
2020-06-25,15.06,15.49,14.9,15.48
2020-06-26,15.46,15.48,14.91,15.015
2020-06-29,15.12,15.36,14.875,15.355
2020-06-30,15.28,15.8,15.26,15.75
2020-07-01,15.87,16.025,15.735,15.98
2020-07-02,16.305,16.424999,16.045,16.120001
2020-07-06,16.379999,16.379999,16.014999,16.1
2020-07-07,16.040001,16.26,15.805,15.825
2020-07-08,15.965,16.045,15.695,16.030001
2020-07-09,16.030001,16.075001,15.54,15.895
2020-07-10,15.84,16.110001,15.68,16.105
2020-07-13,16.209999,16.209999,15.305,15.34
2020-07-14,15.345,15.8,15.18,15.79
2020-07-15,16.025,16.040001,15.68,16.01
2020-07-16,15.825,16.174999,15.815,16.145
2020-07-17,16.215,16.434999,16.139999,16.424999
2020-07-20,16.525,16.934999,16.485001,16.815001
2020-07-21,17.0,17.094999,16.610001,16.709999
2020-07-22,16.674999,16.82,16.540001,16.82
2020-07-23,16.889999,16.945,16.360001,16.530001
2020-07-24,16.264999,16.504999,16.15,16.495001
2020-07-27,16.6,16.745001,16.5,16.74
2020-07-28,16.73,17.035,16.66,16.775
2020-07-29,16.895,16.975,16.790001,16.93
2020-07-30,16.555,16.805,16.129999,16.74
2020-07-31,16.969999,16.985001,16.530001,16.969999
2020-08-03,17.02,17.07,16.885,16.955
2020-08-04,16.99,17.24,16.99,17.215
2020-08-05,17.35,17.42,17.24,17.4
2020-08-06,17.365,17.514999,17.305,17.495001
2020-08-07,17.375,17.639999,17.355,17.545
2020-08-10,17.68,17.834999,17.555,17.785
2020-08-11,18.014999,18.055,17.334999,17.389999
2020-08-12,17.745001,17.924999,17.695,17.870001
2020-08-13,17.805,18.075001,17.745001,17.875
2020-08-14,17.795,17.924999,17.705,17.879999
2020-08-17,18.07,18.235001,18.004999,18.174999
2020-08-18,18.254999,18.35,18.045,18.27
2020-08-19,18.34,18.405001,18.035,18.084999
2020-08-20,17.75,18.225,17.705,18.195
2020-08-21,18.040001,18.195,17.99,18.15
2020-08-24,18.405001,18.415001,18.09,18.18
2020-08-25,18.139999,18.290001,17.885,18.24
2020-08-26,18.305,18.51,17.969999,18.025
2020-08-27,18.125,18.205,17.014999,17.73
2020-08-28,17.645,17.924999,17.26,17.780001
2020-08-31,17.559999,17.745001,17.264999,17.344999
2020-09-01,17.35,17.41,17.15,17.209999
2020-09-02,17.23,17.254999,16.91,16.995001
2020-09-03,16.879999,17.174999,15.555,15.845
2020-09-04,16.035,16.635,15.26,16.514999
2020-09-08,15.865,16.75,15.81,16.725
2020-09-09,16.945,17.295,16.855,17.15
2020-09-10,17.235001,17.299999,16.860001,17.040001
2020-09-11,17.305,17.59,17.049999,17.575001
2020-09-14,17.68,17.85,17.6,17.74
2020-09-15,17.805,17.865,17.594999,17.74
2020-09-16,17.805,18.01,17.764999,17.775
2020-09-17,17.475,18.004999,17.459999,17.969999
2020-09-18,18.040001,18.235001,17.754999,17.98
2020-09-21,17.6,17.725,17.129999,17.665001
2020-09-22,17.674999,17.700001,17.370001,17.6
2020-09-23,17.655001,17.68,17.135,17.145
2020-09-24,17.16,17.459999,17.049999,17.309999
2020-09-25,17.299999,17.575001,17.245001,17.530001
2020-09-28,17.610001,17.620001,17.49,17.559999
2020-09-29,17.545,17.865,17.545,17.75
2020-09-30,17.865,17.965,17.645,17.75
2020-10-01,17.834999,17.834999,17.559999,17.68
2020-10-02,17.25,17.59,17.215,17.434999
2020-10-05,17.49,17.76,17.415001,17.690001
2020-10-06,17.77,17.93,17.49,17.575001
2020-10-07,17.754999,17.92,17.705,17.860001
2020-10-08,17.955,18.235001,17.91,18.215
2020-10-09,18.5,18.695,18.48,18.690001
2020-10-12,18.860001,18.895,18.690001,18.855
2020-10-13,18.74,18.82,18.549999,18.76
2020-10-14,18.82,18.98,18.684999,18.82
2020-10-15,18.4,18.775,18.325001,18.74
2020-10-16,18.77,18.9,18.684999,18.690001
2020-10-19,18.709999,18.74,18.209999,18.275
2020-10-20,18.334999,18.41,18.219999,18.27
2020-10-21,18.32,18.545,18.205,18.5
2020-10-22,18.495001,18.785,18.42,18.709999
2020-10-23,18.725,18.754999,18.485001,18.700001
2020-10-26,18.455,18.559999,17.684999,17.74
2020-10-27,17.855,18.004999,17.66,17.815001
2020-10-28,17.125,17.254999,16.52,16.535
2020-10-29,16.705,17.379999,16.549999,17.165001
2020-10-30,16.995001,17.120001,16.700001,16.865
2020-11-02,17.25,17.275,16.940001,17.065001
2020-11-03,17.315001,17.629999,17.26,17.52
2020-11-04,17.885,18.344999,17.865,18.27
2020-11-05,18.575001,18.665001,18.33,18.43
2020-11-06,18.545,19.065001,18.51,19.065001
2020-11-09,19.705,20.125,19.26,19.26
2020-11-10,19.514999,19.58,19.155001,19.565001
2020-11-11,19.715,19.975,19.59,19.785
2020-11-12,19.635,19.75,18.865,19.075001
2020-11-13,19.405001,19.834999,19.405001,19.695
2020-11-16,19.924999,19.945,19.565001,19.9
2020-11-17,19.719999,20.1,19.655001,20.09
2020-11-18,20.18,20.290001,19.695,19.709999
2020-11-19,19.805,20.045,19.66,19.889999
2020-11-20,19.9,20.094999,19.865,19.905001
2020-11-23,20.025,20.190001,19.84,20.02
2020-11-24,20.23,20.26,20.030001,20.200001
2020-11-25,20.184999,20.594999,20.055,20.575001
2020-11-27,20.66,20.735001,20.42,20.495001
2020-11-30,20.434999,20.700001,20.1,20.674999
2020-12-01,20.77,20.855,20.540001,20.58
2020-12-02,20.565001,20.855,20.555,20.665001
2020-12-03,20.745001,20.775,20.455,20.545
2020-12-04,20.66,20.809999,20.655001,20.709999
2020-12-07,20.59,20.705,20.540001,20.674999
2020-12-08,20.565001,21.025,20.565001,21.025
2020-12-09,21.15,21.215,20.530001,20.620001
2020-12-10,20.545,20.815001,20.459999,20.530001
2020-12-11,20.285,20.43,19.865,20.155001
2020-12-14,20.48,20.559999,19.9,19.924999
2020-12-15,20.135,20.389999,20.025,20.325001
2020-12-16,20.41,20.719999,20.299999,20.700001
2020-12-17,20.68,20.93,20.635,20.855
2020-12-18,20.775,20.780001,20.344999,20.615
2020-12-21,19.655001,20.035,19.190001,19.795
2020-12-22,19.934999,20.040001,19.790001,20.0
2020-12-23,20.200001,20.57,20.174999,20.43
2020-12-24,20.549999,20.75,20.535,20.75
2020-12-28,20.85,20.879999,20.715,20.825001
2020-12-29,20.875,20.885,20.145,20.34
2020-12-30,20.405001,20.754999,20.35,20.715
2020-12-31,20.725,20.92,20.549999,20.719999
2021-01-04,20.725,20.735001,19.469999,19.825001
2021-01-05,19.58,20.225,19.565001,20.139999
2021-01-06,20.235001,20.77,19.940001,20.195
2021-01-07,20.68,20.799999,20.58,20.785
2021-01-08,20.860001,20.959999,20.525,20.91
2021-01-11,20.52,20.67,20.219999,20.424999
2021-01-12,20.49,20.639999,20.195,20.615
2021-01-13,20.605,20.85,20.540001,20.790001
2021-01-14,20.844999,20.975,20.58,20.665001
2021-01-15,20.495001,20.629999,20.125,20.365
2021-01-19,20.66,20.705,20.469999,20.610001
2021-01-20,20.795,20.9,20.635,20.84
2021-01-21,20.84,20.940001,20.674999,20.915001
2021-01-22,20.665001,20.91,20.610001,20.795
2021-01-25,20.674999,20.75,19.905001,20.360001
2021-01-26,20.559999,20.715,20.4,20.4
2021-01-27,19.99,19.995001,18.205,18.25
2021-01-28,18.785,19.02,18.370001,18.43
2021-01-29,18.355,18.860001,17.66,18.004999
2021-02-01,18.424999,18.615,17.895,18.495001
2021-02-02,18.959999,19.385,18.924999,19.285
2021-02-03,19.504999,19.799999,19.355,19.785
2021-02-04,20.004999,20.219999,19.975,20.219999
2021-02-05,20.25,20.26,20.02,20.245001
2021-02-08,20.290001,20.325001,20.125,20.325001
2021-02-09,20.174999,20.389999,20.1,20.275
2021-02-10,20.325001,20.35,19.795,20.030001
2021-02-11,20.23,20.334999,19.870001,20.325001
2021-02-12,20.280001,20.690001,20.24,20.68
2021-02-16,20.615,20.76,20.440001,20.549999
2021-02-17,20.389999,20.795,20.215,20.754999
2021-02-18,20.455,20.809999,20.334999,20.705
2021-02-19,20.799999,21.209999,20.77,21.209999
2021-02-22,20.73,21.040001,20.625,20.639999
2021-02-23,20.57,21.08,20.059999,21.065001
2021-02-24,20.785,21.5,20.665001,21.459999
2021-02-25,21.24,21.42,19.445,19.700001
2021-02-26,20.155001,20.415001,19.450001,20.195
2021-03-01,20.815001,21.065001,20.795,20.945
2021-03-02,20.924999,21.075001,20.799999,20.865
2021-03-03,20.93,21.014999,20.385,20.385
2021-03-04,20.514999,20.745001,19.514999,19.985001
2021-03-05,20.35,20.705,19.68,20.65
2021-03-08,20.665001,20.870001,20.4,20.66
2021-03-09,20.775,21.030001,20.73,20.92
2021-03-10,21.184999,21.184999,20.959999,21.040001
2021-03-11,21.200001,21.370001,21.184999,21.305
2021-03-12,21.094999,21.49,21.059999,21.32
2021-03-15,21.52,22.145,21.440001,22.120001
2021-03-16,22.115,22.424999,22.075001,22.25
2021-03-17,21.975,22.59,21.91,22.559999
2021-03-18,22.334999,22.559999,21.83,21.83
2021-03-19,22.02,22.424999,21.719999,22.195
2021-03-22,22.514999,23.18,22.434999,23.105
2021-03-23,23.004999,23.055,22.33,22.549999
2021-03-24,22.790001,23.014999,22.434999,22.434999
2021-03-25,22.379999,22.85,21.825001,22.780001
2021-03-26,23.0,23.4,22.555,23.4
2021-03-29,22.975,23.09,22.615,22.955
2021-03-30,22.965,23.469999,22.83,23.440001
2021-03-31,23.584999,23.764999,23.305,23.549999
2021-04-01,23.705,24.059999,23.635,24.059999
2021-04-05,24.280001,24.325001,24.08,24.215
2021-04-06,24.225,24.434999,24.139999,24.18
2021-04-07,24.215,24.58,24.18,24.530001
2021-04-08,24.719999,24.84,24.594999,24.715
2021-04-09,24.6,24.934999,24.530001,24.745001
2021-04-12,24.615,24.99,24.4,24.99
2021-04-13,24.91,25.105,24.844999,24.955
2021-04-14,24.950001,25.059999,24.690001,24.825001
2021-04-15,25.025,25.200001,24.965,25.139999
2021-04-16,25.139999,25.42,25.040001,25.334999
2021-04-19,25.215,25.264999,24.5,24.885
2021-04-20,24.695,24.799999,24.155001,24.575001
2021-04-21,24.525,25.305,24.370001,25.26
2021-04-22,25.254999,25.325001,24.215,24.485001
2021-04-23,24.605,25.195,24.52,24.959999
2021-04-26,25.07,25.110001,24.855,25.045
2021-04-27,25.094999,25.355,24.915001,25.299999
2021-04-28,25.35,25.465,25.17,25.225
2021-04-29,25.565001,25.620001,24.915001,25.434999
2021-04-30,25.16,25.309999,24.785,24.905001
2021-05-03,25.225,25.389999,25.075001,25.389999
2021-05-04,25.014999,25.110001,24.15,24.844999
2021-05-05,25.09,25.395,24.795,25.18
2021-05-06,25.125,25.295,24.629999,25.26
2021-05-07,25.25,26.035,25.225,25.985001
2021-05-10,26.0,26.215,25.370001,25.42
2021-05-11,24.66,25.07,24.120001,24.424999
2021-05-12,23.959999,23.99,21.844999,22.309999
2021-05-13,22.934999,23.610001,22.924999,23.325001
2021-05-14,23.975,24.870001,23.975,24.745001
2021-05-17,24.5,24.73,23.83,24.370001
2021-05-18,24.48,24.77,24.094999,24.219999
2021-05-19,23.370001,23.715,22.4,23.58
2021-05-20,23.905001,24.355,23.75,24.25
2021-05-21,24.445,24.59,24.235001,24.5
2021-05-24,24.629999,25.07,24.625,24.98
2021-05-25,25.02,25.049999,24.725,24.940001
2021-05-26,25.125,25.59,25.084999,25.559999
2021-05-27,25.690001,26.24,25.67,26.184999
2021-05-28,26.280001,26.334999,25.91,25.924999
2021-06-01,26.254999,26.309999,25.605,25.605
2021-06-02,25.785,26.139999,25.65,25.950001
2021-06-03,25.555,25.905001,25.365,25.684999
2021-06-04,26.1,26.440001,26.1,26.395
2021-06-07,26.385,26.645,26.264999,26.625
2021-06-08,26.705,26.73,26.18,26.440001
2021-06-09,26.615,26.625,26.16,26.290001
2021-06-10,26.615,27.049999,26.530001,27.045
2021-06-11,27.280001,27.5,27.254999,27.415001
2021-06-14,27.415001,27.469999,26.995001,27.285
2021-06-15,27.215,27.254999,26.809999,26.809999
2021-06-16,27.129999,27.370001,26.485001,26.775
2021-06-17,26.809999,27.389999,26.629999,26.934999
2021-06-18,26.295,26.655001,25.639999,25.709999
2021-06-21,26.174999,26.709999,25.790001,26.65
2021-06-22,26.455,27.209999,26.375,27.209999
2021-06-23,27.379999,27.605,27.32,27.469999
2021-06-24,27.795,27.855,27.645,27.790001
2021-06-25,27.799999,27.98,27.629999,27.98
2021-06-28,28.049999,28.120001,27.745001,27.895
2021-06-29,28.055,28.094999,27.615,27.67
2021-06-30,27.559999,27.92,27.465,27.775
2021-07-01,27.940001,28.055,27.815001,28.025
2021-07-02,28.365,28.465,27.955,28.045
2021-07-06,28.195,28.195,27.305,27.719999
2021-07-07,27.879999,27.9,27.24,27.700001
2021-07-08,26.51,27.040001,26.365,26.645
2021-07-09,27.195,27.764999,27.115,27.709999
2021-07-12,27.68,27.889999,27.6,27.875
2021-07-13,27.790001,28.084999,27.565001,27.629999
2021-07-14,27.950001,28.049999,27.445,27.91
2021-07-15,27.58,27.815001,27.395,27.735001
2021-07-16,28.025,28.120001,27.115,27.129999
2021-07-19,26.365,26.48,24.27,25.200001
2021-07-20,25.290001,26.385,25.065001,26.225
2021-07-21,26.52,27.094999,26.475,27.075001
2021-07-22,26.965,27.16,26.6,26.834999
2021-07-23,27.115,27.125,26.825001,26.844999
2021-07-26,26.705,27.084999,26.545,27.084999
2021-07-27,26.825001,26.825001,25.92,26.639999
2021-07-28,26.799999,27.195,26.385,26.985001
2021-07-29,27.125,27.315001,27.07,27.23
2021-07-30,26.74,27.205,26.709999,26.889999
2021-08-02,27.049999,27.084999,26.285,26.385
2021-08-03,26.555,27.035,26.215,27.025
2021-08-04,26.780001,27.174999,26.719999,27.045
2021-08-05,27.17,27.379999,27.145,27.375
2021-08-06,27.504999,27.74,27.415001,27.725
2021-08-09,27.74,27.975,27.6,27.875
2021-08-10,28.0,28.245001,27.889999,28.004999
2021-08-11,28.195,28.52,28.084999,28.440001
2021-08-12,28.365,28.9,28.315001,28.74
2021-08-13,28.934999,29.014999,28.66,28.719999
2021-08-16,28.35,28.690001,28.055,28.684999
2021-08-17,28.23,28.450001,27.48,28.209999
2021-08-18,28.065001,28.235001,27.110001,27.25
2021-08-19,26.605,27.290001,26.379999,26.77
2021-08-20,26.995001,27.9,26.915001,27.815001
2021-08-23,28.195,28.495001,28.18,28.280001
2021-08-24,28.34,28.415001,28.209999,28.32
2021-08-25,28.35,28.674999,28.299999,28.66
2021-08-26,28.395,28.545,27.825001,28.02
2021-08-27,28.219999,28.834999,28.215,28.75
2021-08-30,28.870001,28.965,28.705,28.870001
2021-08-31,28.77,28.959999,28.645,28.959999
2021-09-01,29.025,29.4,28.889999,29.309999
2021-09-02,29.450001,29.485001,29.035,29.299999
2021-09-03,29.110001,29.355,28.940001,29.215
2021-09-07,29.1,29.139999,28.719999,28.809999
2021-09-08,28.655001,28.92,28.355,28.885
2021-09-09,28.795,29.195,28.504999,28.545
2021-09-10,29.075001,29.184999,27.92,28.0
2021-09-13,28.635,28.674999,27.879999,28.5
2021-09-14,28.754999,28.83,28.059999,28.315001
2021-09-15,28.584999,28.975,28.27,28.870001
2021-09-16,28.785,29.165001,28.445,29.030001
2021-09-17,28.945,29.030001,28.01,28.065001
2021-09-20,26.955,27.295,25.125,26.450001
2021-09-21,26.879999,27.209999,26.24,26.995001
2021-09-22,27.389999,28.025,27.174999,27.775
2021-09-23,28.215,28.68,28.17,28.645
2021-09-24,28.280001,29.105,28.25,29.075001
2021-09-27,28.995001,29.200001,28.790001,28.860001
2021-09-28,28.295,28.440001,27.07,27.379999
2021-09-29,27.485001,27.645,27.08,27.200001
2021-09-30,27.559999,27.860001,26.940001,27.195
2021-10-01,27.49,27.995001,27.01,27.674999
2021-10-04,27.665001,27.780001,26.805,27.299999
2021-10-05,27.415001,28.045,27.295,27.795
2021-10-06,27.465,28.0,26.9,27.950001
2021-10-07,28.225,28.530001,28.205,28.49
2021-10-08,28.655001,28.860001,28.52,28.75
2021-10-11,28.635,29.110001,28.535,28.559999
2021-10-12,28.76,28.99,28.51,28.834999
2021-10-13,28.91,29.129999,28.615,29.129999
2021-10-14,29.57,29.92,29.495001,29.895
2021-10-15,30.025,30.32,29.815001,29.915001
2021-10-18,29.67,30.275,29.629999,30.184999
2021-10-19,30.290001,30.42,30.155001,30.299999
2021-10-20,30.305,30.540001,30.25,30.485001
2021-10-21,30.360001,30.985001,30.285,30.965
2021-10-22,30.92,31.084999,30.245001,30.615
2021-10-25,30.764999,31.105,30.459999,31.084999
2021-10-26,31.24,31.264999,30.42,30.799999
2021-10-27,30.825001,31.16,30.35,30.434999
2021-10-28,30.684999,30.940001,30.615,30.885
2021-10-29,30.465,30.889999,30.455,30.795
2021-11-01,30.91,31.035,30.434999,31.02
2021-11-02,31.040001,31.424999,31.030001,31.415001
2021-11-03,31.360001,32.075001,31.254999,31.955
2021-11-04,32.115002,32.224998,31.495001,31.725
2021-11-05,31.93,31.940001,31.07,31.129999
2021-11-08,31.379999,31.424999,30.825001,31.135
2021-11-09,31.02,31.035,30.465,30.85
2021-11-10,30.540001,31.120001,30.184999,30.615
2021-11-11,30.915001,31.219999,30.735001,30.865
2021-11-12,31.145,31.51,31.02,31.465
2021-11-15,31.65,31.684999,31.120001,31.684999
2021-11-16,31.530001,31.844999,31.504999,31.610001
2021-11-17,31.620001,31.719999,31.275,31.315001
2021-11-18,31.495001,31.555,30.975,31.18
2021-11-19,31.115,31.325001,30.805,31.01
2021-11-22,31.305,31.434999,30.645,30.665001
2021-11-23,30.715,31.139999,30.4,31.059999
2021-11-24,30.66,31.370001,30.379999,31.280001
2021-11-26,29.424999,29.695,26.785,27.280001
2021-11-29,28.6,29.34,28.445,29.225
2021-11-30,28.209999,28.51,26.879999,26.879999
2021-12-01,27.92,28.365,25.9,25.9
2021-12-02,26.365,26.965,26.120001,26.68
2021-12-03,26.83,26.92,24.42,25.535
2021-12-06,25.985001,26.584999,25.549999,26.555
2021-12-07,27.33,28.165001,27.290001,27.99
2021-12-08,28.110001,28.85,27.940001,28.815001
2021-12-09,28.799999,29.035,28.1,28.415001
2021-12-10,29.075001,29.334999,28.620001,29.264999
2021-12-13,29.174999,29.195,28.545,28.719999
2021-12-14,28.225,28.625,27.780001,28.49
2021-12-15,28.41,29.514999,27.799999,29.485001
2021-12-16,29.735001,29.834999,28.344999,28.83
2021-12-17,28.285,28.945,27.92,28.34
2021-12-20,27.065001,27.965,26.495001,27.870001
2021-12-21,28.315001,28.68,27.98,28.475
2021-12-22,28.559999,29.370001,28.559999,29.360001
2021-12-23,29.51,29.690001,29.445,29.51
2021-12-27,29.635,29.945,29.43,29.860001
2021-12-28,29.940001,30.26,29.805,30.26
2021-12-29,30.27,30.75,30.084999,30.605
2021-12-30,30.695,30.975,30.485001,30.645
2021-12-31,30.655001,30.895,30.495001,30.775
2022-01-03,30.98,31.299999,30.665001,31.285
2022-01-04,31.4,31.440001,30.83,31.295
2022-01-05,31.184999,31.545,30.040001,30.09
2022-01-06,30.004999,30.434999,29.735001,30.004999
2022-01-07,30.0,30.485001,29.620001,30.43
2022-01-10,29.84,30.745001,28.969999,30.66
2022-01-11,30.5,31.275,30.15,31.23
2022-01-12,31.455,31.700001,31.08,31.389999
2022-01-13,31.450001,31.594999,30.285,30.455
2022-01-14,29.895,30.754999,29.815001,30.625
2022-01-18,29.975,30.0,29.299999,29.504999
2022-01-19,29.75,29.809999,28.955,29.09
2022-01-20,29.445,29.98,28.35,28.485001
2022-01-21,28.205,28.504999,27.125,27.155001
2022-01-24,26.075001,27.1,24.42,26.745001
2022-01-25,25.885,27.15,25.405001,26.725
2022-01-26,27.33,27.924999,26.184999,26.450001
2022-01-27,27.165001,27.415001,26.049999,26.375
2022-01-28,26.65,27.285,26.1,27.205
2022-01-31,27.08,28.139999,26.955,28.110001
2022-02-01,28.405001,29.200001,28.01,29.15
2022-02-02,29.275,29.555,28.875,29.485001
2022-02-03,28.5,28.950001,27.530001,27.684999
2022-02-04,27.805,28.58,27.41,28.094999
2022-02-07,28.485001,28.834999,28.305,28.525
2022-02-08,28.66,29.23,28.415001,29.200001
2022-02-09,29.575001,29.75,29.424999,29.73
2022-02-10,28.969999,29.695,27.955,28.280001
2022-02-11,28.35,28.465,25.995001,26.42
2022-02-14,26.4,26.559999,25.555,26.415001
2022-02-15,27.33,27.52,27.014999,27.5
2022-02-16,27.299999,28.08,27.01,28.035
2022-02-17,27.23,27.285,26.275,26.379999
2022-02-18,26.24,26.455,25.73,26.059999
2022-02-22,25.959999,26.395,25.434999,26.120001
2022-02-23,26.5,26.514999,25.33,25.389999
2022-02-24,23.98,25.855,23.965,25.764999
2022-02-25,25.879999,26.48,25.625,26.290001
2022-02-28,25.290001,25.945,25.129999,25.695
2022-03-01,25.34,25.514999,24.105,24.27
2022-03-02,24.615,25.174999,24.35,25.040001
2022-03-03,25.184999,25.35,24.635,24.969999
2022-03-04,24.275,24.504999,23.860001,24.4
2022-03-07,24.370001,24.389999,23.32,23.530001
2022-03-08,23.445,24.084999,22.99,23.504999
2022-03-09,24.09,24.275,23.875,23.959999
2022-03-10,23.795,24.495001,23.73,24.495001
2022-03-11,24.855,24.879999,24.190001,24.24
2022-03-14,24.290001,24.639999,23.475,23.84
2022-03-15,24.08,24.49,23.84,24.25
2022-03-16,24.684999,25.49,24.52,25.459999
2022-03-17,25.450001,25.84,25.309999,25.67
2022-03-18,25.434999,26.385,25.325001,26.385
2022-03-21,26.299999,26.754999,25.934999,26.41
2022-03-22,26.65,26.775,26.51,26.610001
2022-03-23,26.275,26.719999,26.25,26.655001
2022-03-24,26.690001,27.075001,26.514999,26.985001
2022-03-25,27.065001,27.379999,26.715,27.365
2022-03-28,27.23,27.575001,26.65,27.565001
2022-03-29,27.950001,28.285,27.870001,28.215
2022-03-30,28.084999,28.32,27.575001,28.01
2022-03-31,27.950001,27.985001,27.245001,27.280001
2022-04-01,27.57,27.85,27.254999,27.825001
2022-04-04,27.924999,28.549999,27.809999,28.535
2022-04-05,28.35,28.459999,27.280001,27.325001
2022-04-06,26.875,27.120001,26.245001,27.025
2022-04-07,26.93,27.51,26.655001,27.385
2022-04-08,27.235001,27.77,27.07,27.415001
2022-04-11,27.084999,27.264999,26.615,26.645
2022-04-12,26.934999,27.254999,26.450001,26.48
2022-04-13,26.459999,27.465,26.42,27.41
2022-04-14,27.605,27.84,27.030001,27.045
2022-04-18,26.959999,27.395,26.93,27.219999
2022-04-19,27.280001,28.07,27.209999,27.91
2022-04-20,28.17,28.360001,27.9,28.235001
2022-04-21,28.52,28.549999,26.92,27.184999
2022-04-22,27.16,27.25,25.389999,25.559999
2022-04-25,25.34,25.860001,24.745001,25.780001
2022-04-26,25.575001,25.584999,24.360001,24.395
2022-04-27,24.415001,24.915001,24.15,24.190001
2022-04-28,24.805,25.32,24.475,24.809999
2022-04-29,24.635,25.004999,23.775,23.83
2022-05-02,23.799999,24.094999,23.200001,24.01
2022-05-03,24.209999,24.775,24.08,24.719999
2022-05-04,24.895,25.955,24.715,25.84
2022-05-05,25.535,25.625,23.225,23.575001
2022-05-06,23.389999,23.745001,22.715,23.725
2022-05-09,23.18,23.305,22.620001,22.754999
2022-05-10,23.305,23.344999,22.695,23.129999
2022-05-11,23.094999,23.705,22.955,23.184999
2022-05-12,23.02,23.485001,22.76,23.415001
2022-05-13,23.84,24.17,23.725,24.155001
2022-05-16,24.245001,24.68,24.15,24.65
2022-05-17,25.035,25.135,24.725,24.959999
2022-05-18,24.690001,24.77,23.07,23.165001
2022-05-19,22.950001,23.934999,22.875,23.870001
2022-05-20,24.26,24.309999,22.955,23.84
2022-05-23,24.065001,24.205,23.655001,24.01
2022-05-24,23.809999,24.030001,23.405001,23.965
2022-05-25,23.74,24.34,23.74,24.215
2022-05-26,24.325001,24.5,24.280001,24.299999
2022-05-27,24.625,24.825001,24.530001,24.790001
2022-05-31,24.555,25.08,24.26,25.014999
2022-06-01,25.15,25.290001,24.440001,25.1
2022-06-02,25.059999,25.559999,24.975,25.355
2022-06-03,25.129999,25.305,24.934999,25.225
2022-06-06,25.455,25.530001,25.184999,25.389999
2022-06-07,25.059999,25.745001,25.035,25.705
2022-06-08,25.555,25.799999,25.43,25.754999
2022-06-09,25.52,25.725,25.055,25.105
2022-06-10,24.615,24.725,24.059999,24.33
2022-06-13,23.375,23.51,22.530001,22.629999
2022-06-14,22.805,23.155001,22.625,23.045
2022-06-15,23.315001,24.08,23.275,23.68
2022-06-16,23.09,23.209999,22.620001,22.940001
2022-06-17,23.004999,23.424999,22.815001,23.290001
2022-06-21,23.735001,23.934999,23.5,23.51
2022-06-22,23.32,24.014999,23.275,23.985001
2022-06-23,24.055,24.1,23.674999,23.98
2022-06-24,24.205,24.389999,24.18,24.205
2022-06-27,24.315001,24.625,24.17,24.58
2022-06-28,24.73,24.834999,24.120001,24.23
2022-06-29,24.17,24.34,23.92,24.195
2022-06-30,23.945,24.18,23.6,24.105
2022-07-01,23.975,24.445,23.75,24.385
2022-07-05,23.950001,24.434999,23.690001,24.379999
2022-07-06,24.355,24.67,24.190001,24.59
2022-07-07,24.68,24.91,24.66,24.725
2022-07-08,24.715,25.094999,24.700001,25.01
2022-07-11,24.780001,24.875,24.545,24.629999
2022-07-12,24.620001,24.889999,24.385,24.51
2022-07-13,24.209999,24.82,24.16,24.719999
2022-07-14,24.32,24.719999,24.115,24.684999
2022-07-15,24.934999,25.34,24.860001,25.305
2022-07-18,25.370001,25.48,24.83,24.924999
2022-07-19,25.205,25.365,25.1,25.105
2022-07-20,25.200001,25.48,25.135,25.424999
2022-07-21,25.440001,25.73,25.235001,25.705
2022-07-22,25.725,25.860001,25.405001,25.815001
2022-07-25,25.799999,26.049999,25.725,25.934999
2022-07-26,25.790001,25.844999,25.42,25.594999
2022-07-27,25.955,26.295,25.9,26.049999
2022-07-28,26.190001,26.719999,26.035,26.674999
2022-07-29,26.75,26.92,26.625,26.865
2022-08-01,26.620001,26.805,26.325001,26.370001
2022-08-02,26.200001,26.67,25.955,26.215
2022-08-03,26.475,26.975,26.450001,26.9
2022-08-04,26.775,26.875,26.540001,26.870001
2022-08-05,26.58,27.209999,26.565001,27.165001
2022-08-08,27.165001,27.51,26.875,27.125
2022-08-09,26.940001,27.139999,26.809999,27.049999
2022-08-10,27.48,27.85,27.42,27.780001
2022-08-11,27.83,27.924999,27.405001,27.690001
2022-08-12,27.805,28.155001,27.709999,27.84
2022-08-15,27.645,28.15,27.645,28.07
2022-08-16,28.025,28.129999,27.805,27.969999
2022-08-17,27.825001,28.184999,27.65,28.01
2022-08-18,28.0,28.26,27.885,28.23
2022-08-19,27.91,27.985001,27.264999,27.545
2022-08-22,26.93,27.084999,26.545,26.625
2022-08-23,26.68,27.07,26.615,26.825001
2022-08-24,26.934999,27.379999,26.885,27.299999
2022-08-25,27.440001,27.780001,27.295,27.73
2022-08-26,27.655001,27.785,26.295,26.385
2022-08-29,26.200001,26.6,26.115,26.459999
2022-08-30,26.540001,26.605,26.014999,26.25
2022-08-31,26.530001,26.705,26.309999,26.485001
2022-09-01,26.280001,26.65,25.92,26.629999
2022-09-02,27.08,27.24,26.275,26.51
2022-09-06,26.785,26.809999,26.135,26.215
2022-09-07,26.16,26.969999,26.145,26.915001
2022-09-08,26.695,27.18,26.575001,27.135
2022-09-09,27.35,27.504999,27.275,27.285
2022-09-12,27.52,27.645,27.165001,27.315001
2022-09-13,26.745001,26.93,25.9,26.135
2022-09-14,26.16,26.305,25.915001,26.155001
2022-09-15,26.105,26.5,26.065001,26.184999
2022-09-16,25.865,26.275,25.530001,26.209999
2022-09-19,25.975,26.690001,25.945,26.584999
2022-09-20,26.32,26.424999,25.98,26.165001
2022-09-21,26.360001,26.610001,25.735001,25.735001
2022-09-22,25.84,26.040001,25.545,25.780001
2022-09-23,25.5,25.530001,24.415001,25.014999
2022-09-26,24.76,25.245001,24.469999,24.584999
2022-09-27,24.895,24.965,24.09,24.405001
2022-09-28,24.485001,25.045,24.285,24.889999
2022-09-29,24.565001,24.58,24.0,24.545
2022-09-30,24.465,24.905001,24.245001,24.295
2022-10-03,24.635,25.040001,24.525,24.809999
2022-10-04,25.299999,25.4,25.1,25.254999
2022-10-05,25.07,25.285,24.785,25.205
2022-10-06,25.26,25.355,24.76,24.809999
2022-10-07,24.655001,24.705,24.215,24.315001
2022-10-10,24.254999,24.26,23.719999,24.02
2022-10-11,23.959999,24.225,23.67,23.815001
2022-10-12,23.9,24.08,23.809999,23.940001
2022-10-13,23.77,24.4,23.735001,24.295
2022-10-14,24.535,24.610001,23.785,24.014999
2022-10-17,24.385,24.584999,24.305,24.325001
2022-10-18,24.584999,24.635,24.26,24.57
2022-10-19,24.495001,24.65,24.280001,24.48
2022-10-20,24.575001,24.885,24.459999,24.620001
2022-10-21,24.719999,24.950001,24.635,24.66
2022-10-24,24.805,24.924999,24.514999,24.879999
2022-10-25,24.870001,25.405001,24.84,25.379999
2022-10-26,25.275,25.725,25.26,25.665001
2022-10-27,25.75,25.99,25.67,25.924999
2022-10-28,25.934999,26.344999,25.91,26.23
2022-10-31,26.145,26.465,26.129999,26.440001
2022-11-01,26.719999,26.719999,26.370001,26.584999
2022-11-02,26.455,26.709999,26.155001,26.24
2022-11-03,26.030001,26.605,25.889999,26.52
2022-11-04,26.754999,27.045,26.375,26.700001
2022-11-07,26.790001,26.945,26.620001,26.83
2022-11-08,26.940001,26.945,26.295,26.434999
2022-11-09,26.42,26.42,25.92,26.030001
2022-11-10,26.775,27.02,26.645,26.745001
2022-11-11,26.615,26.924999,26.530001,26.895
2022-11-14,26.889999,27.264999,26.855,26.889999
2022-11-15,27.235001,27.245001,26.344999,26.76
2022-11-16,26.915001,27.110001,26.83,27.08
2022-11-17,26.735001,27.254999,26.735001,27.219999
2022-11-18,27.360001,27.389999,27.075001,27.379999
2022-11-21,27.305,27.77,27.305,27.73
2022-11-22,27.834999,28.254999,27.834999,28.225
2022-11-23,28.190001,28.555,28.139999,28.525
2022-11-25,28.360001,28.540001,28.35,28.465
2022-11-28,28.155001,28.34,27.815001,27.934999
2022-11-29,28.004999,28.200001,27.855,28.15
2022-11-30,28.129999,28.785,27.895,28.68
2022-12-01,28.719999,28.950001,28.41,28.93
2022-12-02,28.6,29.235001,28.6,29.215
2022-12-05,29.004999,29.235001,28.645,28.924999
2022-12-06,29.049999,29.155001,28.385,28.545
2022-12-07,28.440001,28.545,28.190001,28.33
2022-12-08,28.309999,28.684999,28.174999,28.594999
2022-12-09,28.52,28.629999,28.23,28.264999
2022-12-12,28.290001,28.504999,28.209999,28.334999
2022-12-13,29.17,29.205,28.440001,28.959999
2022-12-14,29.01,29.535,28.815001,29.469999
2022-12-15,29.15,29.285,28.184999,28.51
2022-12-16,28.26,28.66,28.045,28.455
2022-12-19,28.565001,29.065001,28.549999,28.825001
2022-12-20,28.775,29.115,28.555,28.955
2022-12-21,29.280001,29.58,29.23,29.469999
2022-12-22,29.375,29.455,27.985001,28.674999
2022-12-23,28.735001,29.190001,28.584999,29.105
2022-12-27,29.040001,29.205,28.815001,29.1
2022-12-28,29.23,29.5,29.059999,29.135
2022-12-29,29.334999,29.51,29.290001,29.32
2022-12-30,29.129999,29.355,29.004999,29.34
2023-01-03,29.485001,29.58,28.955,29.434999
2023-01-04,29.584999,29.91,29.469999,29.895
2023-01-05,29.709999,29.855,29.525,29.775
2023-01-06,30.059999,30.35,29.885,30.135
2023-01-09,30.23,30.365,29.9,30.004999
2023-01-10,29.995001,30.73,29.995001,30.700001
2023-01-11,30.780001,30.790001,30.530001,30.605
2023-01-12,30.934999,31.405001,30.700001,31.360001
2023-01-13,31.275,31.92,31.275,31.764999
2023-01-17,31.530001,31.795,31.385,31.620001
2023-01-18,31.855,31.91,30.969999,31.1
2023-01-19,30.690001,31.225,30.49,31.0
2023-01-20,31.1,31.629999,30.950001,31.514999
2023-01-23,31.594999,31.785,31.48,31.719999
2023-01-24,31.59,32.375,31.58,32.299999
2023-01-25,31.825001,32.355,31.290001,32.290001
2023-01-26,32.5,32.610001,32.16,32.5
2023-01-27,32.505001,33.095001,32.474998,32.805
2023-01-30,32.384998,32.505001,32.049999,32.360001
2023-01-31,32.32,32.845001,32.244999,32.715
2023-02-01,32.740002,33.415001,32.349998,33.259998
2023-02-02,33.584999,33.735001,32.389999,32.880001
2023-02-03,32.400002,32.900002,32.145,32.700001
2023-02-06,32.490002,32.654999,32.235001,32.349998
2023-02-07,32.205002,32.98,32.18,32.834999
2023-02-08,32.630001,32.884998,31.895,32.185001
2023-02-09,32.439999,32.645,31.639999,31.719999
2023-02-10,31.4,31.645,31.1,31.43
2023-02-13,31.780001,32.154999,31.715,32.025002
2023-02-14,32.32,32.895,32.119999,32.695
2023-02-15,32.610001,33.055,32.599998,33.025002
2023-02-16,32.549999,32.915001,32.115002,32.139999
2023-02-17,31.805,32.150002,31.49,32.095001
2023-02-21,31.365,31.565001,30.77,30.9
2023-02-22,30.860001,31.43,30.67,31.355
2023-02-23,31.684999,31.975,31.18,31.860001
2023-02-24,31.32,31.4,30.860001,31.305
2023-02-27,31.68,32.02,31.68,31.865
2023-02-28,31.945,32.384998,31.885,32.244999
2023-03-01,32.134998,32.375,31.695,32.044998
2023-03-02,31.785,32.665001,31.75,32.639999
2023-03-03,32.830002,33.209999,32.75,33.16
2023-03-06,33.259998,33.494999,33.224998,33.415001
2023-03-07,33.330002,33.68,32.939999,33.044998
2023-03-08,33.0,33.424999,32.919998,33.32
2023-03-09,33.525002,33.615002,31.495001,31.58
2023-03-10,31.215,31.485001,28.26,29.825001
2023-03-13,28.32,29.735001,27.955,29.355
2023-03-14,30.42,31.01,29.745001,30.245001
2023-03-15,28.92,29.405001,27.58,29.094999
2023-03-16,28.620001,30.379999,28.51,30.344999
2023-03-17,29.870001,30.129999,28.445,28.690001
2023-03-20,28.695,29.434999,28.465,29.385
2023-03-21,30.08,30.719999,30.075001,30.67
2023-03-22,30.77,31.235001,30.059999,30.059999
2023-03-23,30.565001,31.09,29.43,29.709999
2023-03-24,29.25,30.295,28.635,30.290001
2023-03-27,30.610001,30.950001,30.370001,30.855
2023-03-28,30.844999,31.285,30.735001,31.24
2023-03-29,31.67,31.870001,31.5,31.795
2023-03-30,31.84,31.915001,31.235001,31.799999
2023-03-31,31.844999,32.084999,31.775,31.875
2023-04-03,31.875,32.285,31.565001,32.25
2023-04-04,32.119999,32.189999,31.485001,31.975
2023-04-05,31.879999,32.134998,31.555,32.105
2023-04-06,31.98,32.52,31.825001,32.384998
2023-04-10,32.165001,32.639999,32.130001,32.57
2023-04-11,32.709999,32.945,32.610001,32.764999
2023-04-12,33.0,33.095001,32.490002,32.625
2023-04-13,32.91,33.290001,32.904999,33.209999
2023-04-14,33.16,33.52,33.009998,33.52
2023-04-17,33.560001,34.055,33.560001,33.985001
2023-04-18,34.044998,34.25,33.825001,34.134998
2023-04-19,33.970001,34.334999,33.919998,34.130001
2023-04-20,33.764999,34.209999,33.630001,33.790001
2023-04-21,33.924999,34.145,33.599998,34.105
2023-04-24,34.110001,34.220001,33.865002,34.189999
2023-04-25,33.900002,34.084999,32.66,32.764999
2023-04-26,33.060001,33.645,32.880001,33.205002
2023-04-27,33.755001,34.130001,33.73,33.895
2023-04-28,34.014999,34.650002,34.014999,34.650002
2023-05-01,34.75,35.299999,34.720001,34.884998
2023-05-02,34.580002,34.580002,32.900002,34.115002
2023-05-03,33.994999,34.474998,33.555,33.580002
2023-05-04,33.279999,33.395,32.290001,32.805
2023-05-05,33.445,34.154999,33.404999,34.075001
2023-05-08,34.189999,34.400002,33.945,34.375
2023-05-09,34.115002,34.220001,33.900002,34.035
2023-05-10,34.549999,34.724998,33.75,34.465
2023-05-11,34.285,34.715,33.884998,34.700001
2023-05-12,34.849998,34.959999,34.224998,34.68
2023-05-15,34.805,35.130001,34.595001,35.125
2023-05-16,34.904999,35.125,34.575001,34.605
2023-05-17,35.014999,35.259998,34.810001,35.174999
2023-05-18,35.220001,35.91,35.174999,35.91
2023-05-19,36.014999,36.125,35.025002,35.404999
2023-05-22,35.384998,35.709999,35.014999,35.41
2023-05-23,35.195,35.619999,34.82,35.060001
2023-05-24,34.650002,34.669998,34.200001,34.404999
2023-05-25,34.855,34.965,34.490002,34.755001
2023-05-26,35.200001,35.91,35.165001,35.48
2023-05-30,36.110001,36.235001,35.380001,35.959999
2023-05-31,35.785,36.240002,35.544998,36.084999
2023-06-01,36.360001,37.154999,36.279999,37.134998
2023-06-02,37.610001,38.044998,37.439999,37.814999
2023-06-05,37.865002,38.299999,37.785,38.27
2023-06-06,38.395,39.439999,38.299999,39.389999
2023-06-07,39.285,39.424999,38.974998,39.325001
2023-06-08,39.299999,39.994999,39.16,39.82
2023-06-09,39.82,39.959999,39.415001,39.66
2023-06-12,39.529999,39.73,39.325001,39.595001
2023-06-13,39.869999,39.985001,39.544998,39.654999
2023-06-14,39.735001,40.279999,39.695,40.279999
2023-06-15,40.404999,40.459999,39.715,39.724998
2023-06-16,39.695,40.450001,39.610001,40.419998
2023-06-20,40.275002,40.415001,39.919998,40.415001
2023-06-21,40.615002,40.915001,40.485001,40.84
2023-06-22,40.630001,41.48,40.59,41.330002
2023-06-23,40.830002,41.369999,40.59,41.029999
2023-06-26,41.055,41.549999,41.025002,41.084999
2023-06-27,41.27,42.044998,41.27,41.674999
2023-06-28,41.735001,42.400002,41.735001,42.395
2023-06-29,42.330002,42.330002,41.845001,41.935001
2023-06-30,42.25,42.525002,42.099998,42.34
2023-07-03,42.365002,42.514999,42.189999,42.380001
2023-07-05,42.115002,42.41,42.049999,42.130001
2023-07-06,41.139999,41.185001,39.009998,41.040001
2023-07-07,40.810001,41.785,40.759998,41.424999
2023-07-10,41.435001,41.724998,41.189999,41.665001
2023-07-11,42.035,42.195,41.52,41.860001
2023-07-12,42.535,43.055,42.52,43.029999
2023-07-13,43.419998,43.580002,42.849998,42.884998
2023-07-14,42.900002,43.285,42.599998,43.139999
2023-07-17,43.060001,43.59,43.060001,43.205002
2023-07-18,43.224998,43.645,43.195,43.419998
2023-07-19,43.759998,43.790001,42.935001,43.095001
2023-07-20,42.955002,43.369999,42.715,43.115002
2023-07-21,43.395,43.759998,43.224998,43.345001
2023-07-24,43.445,43.935001,43.389999,43.724998
2023-07-25,43.75,44.195,43.654999,43.77
2023-07-26,43.459999,44.395,43.459999,44.345001
2023-07-27,44.755001,44.799999,42.73,43.240002
2023-07-28,44.055,44.314999,43.525002,44.110001
2023-07-31,44.185001,44.439999,43.895,44.439999
2023-08-01,43.799999,44.075001,43.575001,44.07
2023-08-02,42.625,42.724998,41.445,42.055
2023-08-03,41.314999,42.415001,40.974998,42.105
2023-08-04,42.869999,43.255001,41.25,41.424999
2023-08-07,41.904999,42.529999,41.689999,42.509998
2023-08-08,41.615002,42.145,40.130001,42.064999
2023-08-09,42.310001,42.759998,41.415001,42.264999
2023-08-10,42.974998,43.455002,41.59,42.185001
2023-08-11,41.805,43.110001,41.700001,43.009998
2023-08-14,42.759998,43.48,42.384998,43.395
2023-08-15,43.095001,43.095001,41.955002,42.145
2023-08-16,42.23,42.805,41.799999,41.814999
2023-08-17,42.145,42.25,40.830002,40.830002
2023-08-18,40.215,41.540001,40.110001,41.34
2023-08-21,41.595001,42.009998,41.224998,41.889999
2023-08-22,42.355,42.365002,41.459999,41.810001
2023-08-23,42.09,42.595001,42.044998,42.509998
2023-08-24,42.82,42.955002,41.599998,41.695
2023-08-25,41.974998,42.779999,41.435001,42.595001
2023-08-28,43.0,43.465,42.935001,43.419998
2023-08-29,43.5,44.200001,43.470001,43.990002
2023-08-30,44.224998,44.794998,44.055,44.705002
2023-08-31,44.744999,45.279999,44.700001,45.174999
2023-09-01,45.514999,45.715,45.279999,45.474998
2023-09-05,45.389999,45.685001,45.035,45.294998
2023-09-06,45.209999,45.349998,44.435001,44.915001
2023-09-07,44.244999,45.115002,43.974998,44.950001
2023-09-08,44.985001,45.779999,44.985001,45.41
2023-09-11,45.849998,46.09,45.529999,45.970001
2023-09-12,45.735001,46.255001,45.645,45.834999
2023-09-13,46.02,46.439999,45.974998,46.240002
2023-09-14,46.610001,47.029999,46.544998,46.98
2023-09-15,46.830002,47.084999,45.994999,46.110001
2023-09-18,45.814999,46.625,45.634998,46.255001
2023-09-19,46.264999,46.529999,45.709999,46.415001
2023-09-20,46.785,46.939999,45.465,45.514999
2023-09-21,44.48,44.985001,43.724998,43.73
2023-09-22,43.880001,44.505001,43.619999,43.715
2023-09-25,43.134998,43.845001,42.880001,43.695
2023-09-26,43.220001,43.465,41.549999,41.720001
2023-09-27,42.290001,42.580002,41.349998,42.564999
2023-09-28,42.560001,43.720001,42.314999,43.549999
2023-09-29,44.389999,44.525002,43.084999,43.169998
2023-10-02,43.07,43.665001,42.615002,43.080002
2023-10-03,42.48,42.849998,40.700001,41.055
2023-10-04,41.450001,42.185001,41.145,42.134998
2023-10-05,42.099998,42.41,41.16,42.384998
2023-10-06,41.720001,43.125,41.235001,42.705002
2023-10-09,41.904999,43.005001,41.674999,43.0
2023-10-10,43.25,43.994999,43.209999,43.695
2023-10-11,43.970001,44.244999,42.98,44.075001
2023-10-12,44.365002,44.825001,42.73,43.650002
2023-10-13,43.735001,43.830002,40.465,41.040001
2023-10-16,41.814999,42.994999,41.73,42.990002
2023-10-17,42.125,43.285,41.915001,42.41
2023-10-18,41.889999,42.035,40.735001,41.035
2023-10-19,41.334999,41.639999,39.924999,40.009998
2023-10-20,40.0,40.465,39.525002,39.915001
2023-10-23,39.529999,41.224998,39.220001,40.595001
2023-10-24,41.125,41.584999,40.584999,41.490002
2023-10-25,41.400002,41.415001,39.674999,40.18
2023-10-26,40.169998,40.5,39.41,40.035
2023-10-27,40.400002,40.66,39.244999,39.355
2023-10-30,40.084999,40.855,40.084999,40.794998
2023-10-31,40.965,42.174999,40.755001,42.110001
2023-11-01,42.294998,43.165001,42.294998,43.060001
2023-11-02,43.535,43.814999,43.195,43.799999
2023-11-03,44.174999,44.485001,44.055,44.290001
2023-11-06,44.595001,45.105,44.455002,45.064999
2023-11-07,45.115002,45.355,44.904999,45.205002
2023-11-08,45.485001,45.740002,44.950001,45.639999
2023-11-09,45.849998,45.939999,44.549999,44.755001
2023-11-10,45.154999,45.860001,45.099998,45.66
2023-11-13,45.474998,46.150002,45.389999,45.935001
2023-11-14,46.689999,46.810001,46.060001,46.064999
2023-11-15,46.505001,46.689999,46.314999,46.580002
2023-11-16,46.634998,47.0,46.490002,46.91
2023-11-17,47.049999,47.395,46.860001,47.32
2023-11-20,47.474998,47.759998,47.43,47.494999
2023-11-21,47.455002,48.09,47.424999,47.98
2023-11-22,48.345001,48.369999,47.575001,47.805
2023-11-24,47.950001,48.939999,47.900002,48.790001
2023-11-27,48.685001,48.849998,48.634998,48.705002
2023-11-28,48.810001,49.16,48.599998,49.025002
2023-11-29,49.224998,49.279999,48.560001,48.68
2023-11-30,48.764999,49.095001,48.5,49.009998
2023-12-01,49.18,49.439999,49.035,49.115002
2023-12-04,48.790001,49.095001,48.279999,49.055
2023-12-05,48.950001,49.275002,48.915001,49.23
2023-12-06,49.52,49.66,48.990002,49.145
2023-12-07,49.240002,49.310001,49.0,49.139999
2023-12-08,49.365002,49.895,49.345001,49.785
2023-12-11,49.91,50.470001,49.875,50.445
2023-12-12,50.735001,51.325001,50.639999,51.154999
2023-12-13,51.34,51.619999,50.93,51.544998
2023-12-14,51.755001,51.799999,50.84,51.544998
2023-12-15,51.424999,51.634998,50.68,50.810001
2023-12-18,50.860001,50.900002,50.625,50.779999
2023-12-19,50.595001,50.715,50.290001,50.395
2023-12-20,50.540001,50.625,48.5,48.825001
2023-12-21,49.145,49.57,48.619999,49.294998
2023-12-22,49.5,49.990002,48.950001,49.990002
2023-12-26,50.095001,50.695,49.924999,50.634998
2023-12-27,50.805,51.709999,50.805,51.685001
2023-12-28,51.825001,51.889999,51.435001,51.755001
2023-12-29,51.775002,51.955002,51.084999,51.700001
2024-01-02,51.075001,51.895,50.59,51.709999
2024-01-03,51.294998,51.66,50.369999,50.814999
2024-01-04,50.779999,51.345001,50.715,50.889999
2024-01-05,51.025002,51.915001,51.025002,51.689999
2024-01-08,51.744999,52.625,51.610001,52.285
2024-01-09,52.025002,52.990002,52.014999,52.895
2024-01-10,53.145,53.345001,53.0,53.16
2024-01-11,53.474998,53.650002,52.380001,53.299999
2024-01-12,53.474998,53.474998,52.810001,52.939999
2024-01-16,52.299999,52.634998,51.465,52.064999
2024-01-17,51.279999,51.68,50.445,51.055
2024-01-18,51.665001,52.040001,51.105,51.93
2024-01-19,52.41,52.799999,52.299999,52.584999
2024-01-22,52.875,53.595001,52.755001,53.494999
2024-01-23,53.830002,54.299999,53.779999,54.244999
2024-01-24,54.485001,54.549999,53.555,53.584999
2024-01-25,53.705002,53.790001,53.189999,53.224998
2024-01-26,53.360001,53.775002,53.139999,53.455002
2024-01-29,53.43,53.544998,52.965,53.259998
2024-01-30,53.445,53.75,53.380001,53.669998
2024-01-31,53.580002,53.700001,52.095001,52.305
2024-02-01,52.715,53.064999,52.049999,52.509998
2024-02-02,52.584999,53.055,52.365002,52.605
2024-02-05,52.884998,53.695,52.299999,53.650002
2024-02-06,53.875,54.349998,53.605,54.314999
2024-02-07,54.580002,54.615002,54.18,54.404999
2024-02-08,54.439999,54.669998,54.105,54.630001
2024-02-09,54.700001,54.945,54.334999,54.43
2024-02-12,54.59,54.665001,53.529999,53.830002
2024-02-13,52.990002,53.189999,50.09,51.775002
2024-02-14,52.915001,53.384998,52.400002,53.290001
2024-02-15,53.580002,53.695,52.959999,53.43
2024-02-16,53.305,54.029999,53.09,53.575001
2024-02-20,53.18,53.275002,51.965,52.665001
2024-02-21,52.5,52.970001,52.299999,52.889999
2024-02-22,53.965,54.264999,53.369999,53.465
2024-02-23,53.849998,54.450001,53.700001,54.384998
2024-02-26,54.650002,54.84,54.575001,54.689999
2024-02-27,54.985001,55.275002,54.900002,55.23
2024-02-28,55.044998,55.115002,54.575001,54.790001
2024-02-29,55.25,55.310001,54.564999,55.18
2024-03-01,55.395,55.610001,54.93,55.145
2024-03-04,55.154999,55.330002,55.005001,55.169998
2024-03-05,54.855,54.915001,53.215,54.029999
2024-03-06,54.735001,54.830002,53.735001,53.970001
2024-03-07,54.560001,54.584999,53.790001,54.110001
2024-03-08,54.450001,54.669998,52.5,53.439999
2024-03-11,53.290001,53.939999,52.700001,53.689999
2024-03-12,54.355,55.084999,53.990002,55.029999
2024-03-13,55.084999,55.32,54.915001,55.215
2024-03-14,55.355,55.509998,53.355,54.485001
2024-03-15,54.005001,54.349998,52.889999,53.974998
2024-03-18,54.349998,54.775002,54.314999,54.564999
2024-03-19,54.575001,55.355,54.369999,55.325001
2024-03-20,55.325001,56.064999,55.209999,55.959999
2024-03-21,56.25,56.435001,55.82,56.165001
2024-03-22,55.98,56.514999,55.915001,56.075001
2024-03-25,56.060001,56.5,56.02,56.224998
2024-03-26,56.525002,56.84,56.365002,56.384998
2024-03-27,56.75,56.915001,56.224998,56.869999
2024-03-28,56.91,56.98,56.32,56.369999
2024-04-01,56.395,56.575001,55.700001,56.18
2024-04-02,55.235001,55.424999,54.349998,55.369999
2024-04-03,55.029999,55.900002,54.845001,55.544998
2024-04-04,56.064999,56.32,53.470001,54.325001
2024-04-05,53.884998,54.75,53.5,53.779999
2024-04-08,54.365002,55.084999,54.125,54.855
2024-04-09,55.119999,55.224998,53.884998,55.064999
2024-04-10,54.34,54.705002,53.529999,54.584999
2024-04-11,54.580002,55.23,53.459999,55.080002
2024-04-12,53.869999,53.869999,51.310001,52.779999
2024-04-15,53.34,53.82,51.150002,51.27
2024-04-16,51.43,52.599998,51.200001,52.080002
2024-04-17,52.310001,52.82,51.27,52.41
2024-04-18,52.709999,53.07,51.830002,52.119999
2024-04-19,52.07,52.59,51.099998,51.48
2024-04-22,52.529999,53.799999,52.470001,53.459999
2024-04-23,54.099998,54.700001,53.959999,54.509998
2024-04-24,54.73,54.880001,54.09,54.84
2024-04-25,53.27,54.389999,52.889999,54.209999
2024-04-26,55.060001,55.27,54.77,55.130001
2024-04-29,55.380001,55.799999,55.040001,55.59
2024-04-30,55.509998,55.849998,54.73,54.779999
2024-05-01,54.439999,55.84,54.290001,54.610001
2024-05-02,55.240002,55.66,54.48,55.52
2024-05-03,56.509998,56.639999,56.009998,56.529999
2024-05-06,56.959999,57.299999,56.93,57.200001
2024-05-07,57.439999,57.450001,57.169998,57.41
2024-05-08,57.380001,57.73,57.349998,57.630001
2024-05-09,57.66,57.860001,57.389999,57.830002
2024-05-10,57.91,58.25,57.75,58.25
2024-05-13,58.32,58.34,57.77,57.93
2024-05-14,57.880001,58.52,57.740002,58.349998
2024-05-15,59.0,59.560001,58.75,59.549999
2024-05-16,59.509998,59.66,59.279999,59.619999
2024-05-17,59.599998,60.02,59.490002,59.91
2024-05-20,59.959999,60.279999,59.73,59.900002
2024-05-21,59.900002,60.57,59.860001,60.450001
2024-05-22,60.389999,60.66,59.490002,59.84
2024-05-23,60.5,60.59,59.060001,59.41
2024-05-24,59.59,60.450001,59.540001,60.34
2024-05-28,60.450001,60.470001,59.150002,59.700001
2024-05-29,58.380001,59.049999,58.25,58.549999
2024-05-30,58.48,59.16,58.07,58.630001
2024-05-31,59.099998,59.610001,57.860001,59.540001
2024-06-03,59.880001,59.98,58.599998,59.759998
2024-06-04,59.200001,59.73,58.75,59.599998
2024-06-05,59.990002,60.27,59.330002,60.189999
2024-06-06,60.419998,60.509998,60.040001,60.439999
2024-06-07,60.450001,60.950001,60.310001,60.73
2024-06-10,60.310001,60.900002,60.119999,60.779999
2024-06-11,60.389999,60.889999,60.0,60.75
2024-06-12,61.459999,61.639999,61.150002,61.400002
2024-06-13,61.419998,61.599998,60.599998,61.400002
2024-06-14,60.68,60.91,59.860001,60.459999
2024-06-17,60.490002,61.02,60.110001,60.669998
2024-06-18,61.0,61.099998,60.5,60.799999
2024-06-20,60.849998,60.900002,59.57,59.990002
2024-06-21,59.619999,60.59,59.25,60.360001
2024-06-24,60.209999,60.889999,60.110001,60.470001
2024-06-25,60.619999,61.27,60.389999,61.200001
2024-06-26,61.09,61.529999,60.959999,61.459999
2024-06-27,61.540001,61.790001,61.439999,61.790001
2024-06-28,61.740002,61.950001,61.299999,61.389999
2024-07-01,61.709999,62.580002,61.560001,62.549999
2024-07-02,62.419998,63.049999,62.419998,62.959999
2024-07-03,63.0,63.16,62.740002,62.790001
2024-07-05,62.990002,63.0,62.490002,62.740002
2024-07-08,63.18,63.48,63.130001,63.299999
2024-07-09,63.419998,63.5,63.080002,63.259998
2024-07-10,63.330002,63.75,63.189999,63.34
2024-07-11,63.709999,63.77,62.77,63.220001
2024-07-12,63.73,64.220001,63.68,63.75
2024-07-15,63.98,64.129997,63.119999,63.220001
2024-07-16,63.41,63.490002,62.970001,62.970001
2024-07-17,62.23,62.619999,61.490002,61.889999
2024-07-18,62.66,62.779999,60.560001,60.98
2024-07-19,60.59,60.950001,59.369999,59.709999
2024-07-22,60.279999,61.529999,60.209999,61.419998
2024-07-23,61.459999,62.060001,61.209999,61.59
2024-07-24,60.709999,60.709999,57.110001,57.389999
2024-07-25,57.77,58.939999,56.380001,57.16
2024-07-26,58.110001,58.880001,57.869999,58.799999
2024-07-29,59.07,59.540001,58.57,59.279999
2024-07-30,59.48,59.610001,57.369999,58.400002
2024-07-31,59.169998,60.200001,59.02,59.209999
2024-08-01,59.299999,59.490002,55.459999,56.599998
2024-08-02,54.299999,54.66,48.82,49.919998
2024-08-05,39.200001,45.869999,38.599998,39.220001
2024-08-06,41.860001,45.220001,41.150002,43.040001
2024-08-07,46.139999,46.529999,43.130001,44.009998
2024-08-08,45.16,45.990002,44.529999,45.73
2024-08-09,46.009998,48.939999,45.529999,48.73
2024-08-12,48.939999,50.48,48.259998,48.900002
2024-08-13,49.32,50.860001,49.32,50.790001
2024-08-14,51.360001,52.529999,51.099998,52.52
2024-08-15,53.220001,53.900002,52.84,53.560001
2024-08-16,53.040001,53.73,52.889999,53.470001
2024-08-19,53.560001,54.32,53.439999,54.150002
2024-08-20,53.880001,54.029999,52.830002,52.959999
2024-08-21,53.080002,53.110001,51.959999,52.66
2024-08-22,52.880001,52.98,51.330002,51.540001
2024-08-23,52.200001,53.150002,51.889999,53.029999
2024-08-26,53.200001,53.27,52.43,53.049999
2024-08-27,52.720001,53.639999,52.509998,53.639999
2024-08-28,53.619999,53.689999,51.73,52.119999
2024-08-29,52.900002,53.419998,52.639999,53.0
2024-08-30,53.490002,53.919998,53.0,53.779999
2024-09-03,53.209999,53.240002,47.389999,48.330002
2024-09-04,47.709999,49.330002,47.139999,47.759998
2024-09-05,48.18,49.310001,47.880001,48.889999
2024-09-06,49.43,49.720001,46.049999,47.18
2024-09-09,47.700001,48.93,47.439999,48.650002
2024-09-10,48.959999,49.220001,47.619999,49.18
2024-09-11,49.5,50.23,47.189999,50.169998
2024-09-12,49.970001,50.459999,49.360001,50.400002
2024-09-13,50.25,51.07,50.220001,50.529999
2024-09-16,50.5,50.5,49.700001,50.279999
2024-09-17,50.310001,50.580002,49.400002,49.75
2024-09-18,49.869999,51.139999,49.470001,49.950001
2024-09-19,50.900002,51.259998,50.580002,51.060001
2024-09-20,50.880001,51.52,50.810001,51.16
2024-09-23,51.419998,51.68,50.869999,51.09
2024-09-24,51.290001,51.43,50.25,51.07
2024-09-25,50.93,51.290001,50.689999,50.759998
2024-09-26,50.849998,50.990002,50.490002,50.759998
2024-09-27,50.790001,50.810001,49.529999,49.540001
2024-09-30,49.459999,50.169998,48.889999,50.110001
2024-10-01,50.200001,50.200001,47.869999,48.189999
2024-10-02,48.139999,48.68,47.459999,48.549999
2024-10-03,47.939999,48.400002,47.310001,47.41
2024-10-04,48.02,48.470001,47.599998,48.360001
2024-10-07,47.900002,47.970001,46.009998,46.240002
2024-10-08,47.02,47.41,46.759998,47.099998
2024-10-09,47.259998,47.849998,47.18,47.73
2024-10-10,47.630001,47.66,47.119999,47.459999
2024-10-11,47.349998,47.900002,47.349998,47.689999
2024-10-14,48.029999,48.82,47.970001,48.549999
2024-10-15,48.990002,49.18,47.68,47.77
2024-10-16,47.84,48.169998,47.459999,48.029999
2024-10-17,48.209999,48.459999,47.950001,48.400002
2024-10-18,48.580002,49.029999,48.48,48.970001
2024-10-21,48.84,49.07,48.32,48.950001
2024-10-22,48.610001,49.209999,48.380001,49.040001
2024-10-23,48.73,48.830002,47.169998,47.830002
2024-10-24,48.34,48.380001,47.150002,48.25
2024-10-25,48.5,48.740002,47.060001,47.07
2024-10-28,48.099998,48.529999,47.970001,48.189999
2024-10-29,48.130001,48.68,47.98,48.330002
2024-10-30,48.139999,48.5,47.68,47.75
2024-10-31,47.130001,47.150002,45.869999,45.91
2024-11-01,46.529999,47.080002,46.259998,46.299999
2024-11-04,46.57,47.450001,46.419998,47.369999
2024-11-05,47.68,48.639999,47.68,48.599998
2024-11-06,51.25,51.25,50.060001,51.09
2024-11-07,51.490002,51.970001,51.439999,51.889999
2024-11-08,51.860001,52.110001,51.5,51.990002
2024-11-11,52.290001,52.470001,52.0,52.060001
2024-11-12,51.950001,52.240002,51.43,52.09
2024-11-13,52.299999,52.82,51.990002,52.700001
2024-11-14,52.860001,53.16,52.540001,52.68
2024-11-15,52.349998,52.450001,49.599998,50.82
2024-11-18,51.049999,52.200001,50.869999,51.82
2024-11-19,50.27,51.580002,50.25,50.900002
2024-11-20,50.889999,51.0,49.07,50.040001
2024-11-21,50.759998,50.900002,49.400002,50.27
2024-11-22,50.389999,51.299999,50.34,51.209999
2024-11-25,52.040001,52.290001,51.040001,52.23
2024-11-26,52.220001,52.740002,52.220001,52.5
2024-11-27,52.43,52.720001,51.799999,52.580002
2024-11-29,52.939999,53.279999,52.900002,52.919998
2024-12-02,53.23,53.470001,53.119999,53.459999
2024-12-03,53.130001,53.73,52.82,53.529999
2024-12-04,53.869999,54.040001,53.34,53.389999
2024-12-05,53.209999,53.52,53.139999,53.279999
2024-12-06,53.779999,53.939999,53.490002,53.75
2024-12-09,53.740002,53.889999,52.93,53.189999
2024-12-10,53.400002,53.610001,53.07,53.259998
2024-12-11,53.869999,54.0,53.41,53.5
2024-12-12,53.389999,53.720001,53.049999,53.330002
2024-12-13,53.700001,53.779999,52.970001,53.290001
2024-12-16,53.450001,53.459999,52.720001,52.830002
2024-12-17,52.580002,52.869999,52.09,52.209999
2024-12-18,52.459999,52.759998,47.689999,47.689999
2024-12-19,48.990002,49.16,45.48,45.599998
2024-12-20,45.91,49.169998,45.830002,49.119999
2024-12-23,49.529999,50.709999,48.619999,50.66
2024-12-24,51.0,52.130001,51.0,52.029999
2024-12-26,51.68,52.110001,51.02,51.970001
2024-12-27,51.540001,51.610001,49.290001,50.73
2024-12-30,49.400002,50.939999,48.48,50.209999
2024-12-31,50.599998,50.799999,49.759998,50.060001
2025-01-02,50.5,50.549999,48.290001,49.509998
2025-01-03,49.799999,50.919998,49.77,50.869999
2025-01-06,51.110001,51.439999,50.52,51.119999
2025-01-07,51.290001,51.369999,49.049999,49.650002
2025-01-08,49.259998,49.84,48.459999,49.639999
2025-01-10,48.869999,48.98,47.450001,48.02
2025-01-13,47.200001,48.66,47.049999,48.509998
2025-01-14,49.07,49.509998,48.209999,49.009998
2025-01-15,50.240002,51.110001,50.220001,51.040001
2025-01-16,51.139999,51.290001,50.830002,51.0
2025-01-17,51.48,51.48,50.84,50.880001
2025-01-21,51.369999,52.0,51.189999,51.959999
2025-01-22,51.91,51.98,51.450001,51.57
2025-01-23,51.57,52.150002,51.57,52.0
2025-01-24,52.16,52.310001,51.889999,52.110001
2025-01-27,49.0,50.740002,48.880001,50.32
2025-01-28,50.73,51.400002,50.029999,51.220001
2025-01-29,51.290001,51.439999,50.34,51.369999
2025-01-30,51.669998,51.779999,51.130001,51.5
2025-01-31,51.75,51.939999,50.279999,50.599998
2025-02-03,48.830002,50.970001,48.259998,50.009998
2025-02-04,50.400002,50.990002,50.09,50.779999
2025-02-05,50.709999,51.41,50.509998,51.34
2025-02-06,51.619999,51.650002,51.07,51.57
2025-02-07,51.73,51.799999,50.610001,50.619999
2025-02-10,51.240002,51.369999,50.919998,51.32
2025-02-11,51.110001,51.52,51.060001,51.240002
2025-02-12,50.669998,51.48,50.529999,51.369999
2025-02-13,51.419998,51.830002,51.110001,51.779999
2025-02-14,51.860001,52.0,51.599998,51.900002
2025-02-18,52.049999,52.25,51.810001,52.029999
2025-02-19,51.869999,52.34,51.799999,52.32
2025-02-20,52.299999,52.5,51.709999,52.240002
2025-02-21,52.25,52.25,50.16,50.380001
2025-02-24,50.790001,51.130001,49.639999,50.200001
2025-02-25,50.07,50.580002,48.950001,50.080002
2025-02-26,50.299999,51.130001,49.810001,50.57
2025-02-27,50.790001,51.049999,49.02,49.029999
2025-02-28,48.939999,49.790001,48.32,49.759998
2025-03-03,50.099998,50.119999,46.900002,47.529999
2025-03-04,46.549999,48.139999,45.209999,46.970001
2025-03-05,47.130001,48.130001,46.52,48.009998
2025-03-06,46.459999,47.150002,45.34,45.41
2025-03-07,45.549999,46.57,44.779999,46.43
2025-03-10,45.139999,45.450001,43.48,43.900002
2025-03-11,43.82,44.279999,42.639999,43.950001
2025-03-12,44.82,45.200001,43.720001,45.040001
2025-03-13,44.990002,45.360001,43.560001,44.029999
2025-03-14,44.799999,46.029999,44.700001,46.0
2025-03-17,46.259998,46.98,46.209999,46.869999
2025-03-18,47.0,47.02,45.849998,46.220001
2025-03-19,46.470001,47.529999,46.240002,46.970001
2025-03-20,46.549999,47.599998,46.470001,47.419998
2025-03-21,46.889999,47.5,46.599998,47.43
2025-03-24,48.240002,48.990002,48.18,48.91
2025-03-25,49.09,49.150002,48.639999,48.759998
2025-03-26,49.02,49.07,47.48,47.959999
2025-03-27,47.869999,48.220001,47.279999,47.849998
2025-03-28,47.560001,47.77,45.639999,45.740002
2025-03-31,44.470001,46.029999,44.060001,45.759998
2025-04-01,45.439999,46.080002,44.630001,45.700001
2025-04-02,44.869999,46.799999,44.779999,46.450001
2025-04-03,42.880001,43.66,40.66,40.66
2025-04-04,38.299999,39.279999,36.110001,36.650002
2025-04-07,34.950001,39.240002,34.200001,36.560001
2025-04-08,38.299999,38.450001,32.669998,34.139999
2025-04-09,33.529999,38.48,33.310001,37.790001
2025-04-10,36.330002,36.98,32.049999,34.18
2025-04-11,33.650002,34.68,32.82,34.630001
2025-04-14,36.09,36.669998,34.93,36.560001
2025-04-15,36.59,37.330002,36.34,36.709999
2025-04-16,35.98,36.59,34.75,35.169998
2025-04-17,35.599998,35.82,35.34,35.66
2025-04-21,35.459999,35.549999,34.189999,34.580002
2025-04-22,35.23,35.84,35.18,35.700001
2025-04-23,36.610001,36.950001,35.82,36.349998
2025-04-24,36.529999,37.130001,36.5,37.02
2025-04-25,37.130001,37.82,36.669998,37.810001
2025-04-28,38.0,38.060001,36.970001,37.650002
2025-04-29,37.5,37.950001,37.389999,37.880001
2025-04-30,37.209999,37.580002,36.279999,37.41
2025-05-01,37.939999,38.02,37.450001,37.709999
2025-05-02,38.099998,38.580002,37.990002,38.52
2025-05-05,38.18,38.509998,37.990002,38.169998
2025-05-06,37.610001,37.970001,37.360001,37.41
2025-05-07,37.669998,38.02,37.279999,37.919998
2025-05-08,38.220001,38.830002,38.110001,38.66
2025-05-09,38.700001,39.040001,38.599998,38.77
2025-05-12,40.32,41.369999,40.25,41.330002
2025-05-13,41.630001,42.080002,41.459999,41.48
2025-05-14,41.490002,41.5,40.939999,41.029999
2025-05-15,40.84,41.400002,40.669998,41.400002
2025-05-16,41.57,41.740002,41.310001,41.48
2025-05-19,40.599998,41.400002,40.549999,41.240002
2025-05-20,41.349998,41.490002,40.91,41.450001
2025-05-21,40.970001,41.360001,39.700001,39.98
2025-05-22,39.900002,40.5,39.720001,40.130001
2025-05-23,38.720001,39.509998,38.630001,38.830002
2025-05-27,40.009998,40.82,39.849998,40.779999
2025-05-28,40.869999,40.900002,40.439999,40.610001
2025-05-29,41.130001,41.130001,40.27,40.580002
2025-05-30,40.360001,40.689999,39.66,40.43
2025-06-02,40.25,40.720001,40.130001,40.689999
2025-06-03,40.799999,41.209999,40.700001,41.139999
2025-06-04,41.209999,41.279999,41.02,41.18
2025-06-05,41.400002,41.77,40.59,40.810001
2025-06-06,41.290001,41.709999,41.290001,41.66
2025-06-09,41.75,42.060001,41.689999,41.849998
2025-06-10,41.959999,42.099998,41.779999,41.950001
2025-06-11,42.279999,42.57,41.459999,41.759998
2025-06-12,41.5,41.880001,41.380001,41.549999
2025-06-13,40.490002,41.09,39.560001,39.880001
2025-06-16,40.709999,41.459999,40.669998,41.299999
2025-06-17,40.919998,41.029999,39.73,40.130001
2025-06-18,40.119999,40.990002,39.889999,40.599998
2025-06-20,40.849998,40.939999,40.110001,40.380001
2025-06-23,40.450001,40.73,39.619999,40.700001
2025-06-24,41.75,42.220001,41.700001,42.220001
2025-06-25,42.290001,42.360001,41.98,42.299999
2025-06-26,42.349998,42.580002,42.349998,42.41
2025-06-27,42.580002,42.650002,42.02,42.419998
2025-06-30,42.740002,42.759998,42.400002,42.599998
2025-07-01,42.43,42.810001,42.41,42.59
2025-07-02,42.639999,42.849998,42.5,42.689999
2025-07-03,43.009998,43.150002,42.790001,42.82
2025-07-07,42.57,42.720001,42.200001,42.610001
2025-07-08,43.040001,43.279999,42.959999,43.099998
2025-07-09,43.650002,43.91,43.470001,43.849998
2025-07-10,43.959999,44.110001,43.830002,44.029999
2025-07-11,43.549999,44.16,43.540001,43.939999
2025-07-14,43.75,43.849998,43.57,43.610001
2025-07-15,44.07,44.119999,43.709999,43.75
2025-07-16,43.849998,43.93,42.560001,43.599998
2025-07-17,43.73,43.82,43.57,43.68
2025-07-18,43.900002,44.009998,43.75,44.009998
2025-07-21,44.209999,44.59,44.119999,44.16
2025-07-22,44.279999,44.32,43.689999,44.259998
2025-07-23,44.599998,45.189999,44.389999,45.169998
2025-07-24,45.32,45.48,45.150002,45.23
2025-07-25,45.220001,45.470001,45.139999,45.43
2025-07-28,45.900002,46.060001,45.75,46.040001
2025-07-29,46.389999,46.450001,45.380001,45.5
2025-07-30,45.66,45.830002,45.049999,45.43
2025-07-31,45.900002,46.07,45.16,45.330002
2025-08-01,44.27,44.279999,42.93,43.459999
2025-08-04,44.119999,44.970001,44.07,44.959999
2025-08-05,45.07,45.09,44.09,44.77
2025-08-06,44.830002,45.490002,44.650002,45.490002
2025-08-07,45.75,45.84,44.93,45.279999
2025-08-08,45.630001,46.080002,45.59,46.080002
2025-08-11,46.139999,46.299999,45.830002,46.0
2025-08-12,46.349998,46.98,46.349998,46.950001
2025-08-13,47.240002,47.299999,46.93,47.110001
2025-08-14,46.689999,47.139999,46.619999,47.009998
2025-08-15,47.139999,47.220001,46.880001,47.09
2025-08-18,47.18,47.779999,47.119999,47.689999
2025-08-19,47.91,47.959999,47.080002,47.18
2025-08-20,47.189999,47.389999,46.439999,47.299999
2025-08-21,47.02,47.200001,46.619999,46.959999
2025-08-22,47.040001,48.93,47.040001,48.93
2025-08-25,48.650002,49.009998,48.5,48.84
2025-08-26,48.619999,49.02,48.619999,49.0
2025-08-27,48.939999,49.060001,48.599998,48.959999
2025-08-28,49.220001,49.349998,48.900002,49.209999
2025-08-29,49.360001,49.419998,48.509998,48.740002
2025-09-02,47.509998,48.0,46.939999,47.990002
2025-09-03,48.060001,48.619999,48.060001,48.619999
2025-09-04,48.75,49.349998,48.73,49.299999
2025-09-05,49.869999,49.959999,48.57,49.299999
2025-09-08,49.560001,49.810001,49.459999,49.75
2025-09-09,49.669998,49.91,49.330002,49.889999
2025-09-10,50.18,50.279999,49.790001,49.959999
2025-09-11,50.389999,50.610001,50.27,50.599998
2025-09-12,50.57,50.900002,50.529999,50.619999
2025-09-15,50.93,50.93,50.330002,50.400002
2025-09-16,50.310001,50.369999,49.91,49.970001
2025-09-17,50.09,51.240002,50.09,50.91
2025-09-18,51.290001,51.369999,50.84,50.84
2025-09-19,51.119999,51.150002,50.560001,50.889999
2025-09-22,50.759998,50.950001,50.48,50.490002
2025-09-23,50.560001,50.57,49.790001,50.150002
2025-09-24,50.32,50.509998,49.77,50.48
2025-09-25,49.91,50.709999,49.700001,50.099998
2025-09-26,50.43,51.209999,50.040001,51.209999
2025-09-29,51.310001,51.34,50.68,50.830002
2025-09-30,50.759998,51.060001,50.639999,50.939999
2025-10-01,50.689999,51.189999,50.689999,51.07
2025-10-02,51.209999,51.279999,50.709999,50.709999
2025-10-03,50.970001,51.02,50.560001,50.959999
2025-10-06,51.09,51.110001,50.720001,51.040001
2025-10-07,51.18,51.23,50.32,50.470001
2025-10-08,50.669998,51.029999,50.509998,50.959999
2025-10-09,51.049999,51.150002,50.5,50.900002
2025-10-10,50.939999,51.119999,47.380001,47.669998
2025-10-13,48.939999,49.619999,48.810001,49.470001
2025-10-14,48.029999,49.220001,47.220001,48.34
2025-10-15,49.09,49.189999,47.52,48.139999
2025-10-16,48.400002,48.459999,45.689999,45.77
2025-10-17,46.25,47.720001,45.400002,47.720001
2025-10-20,48.369999,49.599998,48.34,49.580002
2025-10-21,49.330002,49.919998,48.889999,49.720001
2025-10-22,49.599998,49.709999,48.040001,49.330002
2025-10-23,49.130001,49.93,49.130001,49.889999
2025-10-24,50.490002,50.599998,50.099998,50.27
2025-10-27,51.07,51.16,50.75,50.959999
2025-10-28,51.009998,51.09,50.25,50.25
2025-10-29,50.540001,50.790001,49.82,49.830002
2025-10-30,49.970001,50.419998,49.57,49.66
2025-10-31,50.220001,50.23,49.02,49.68
2025-11-03,49.82,49.939999,49.02,49.889999
2025-11-04,48.799999,49.48,48.57,48.860001
2025-11-05,48.790001,50.049999,48.759998,49.779999
2025-11-06,49.549999,49.709999,48.349998,48.720001
2025-11-07,48.110001,48.93,47.290001,48.91
2025-11-10,49.84,50.34,49.75,50.34
2025-11-11,50.310001,50.490002,50.189999,50.400002
2025-11-12,50.5,50.529999,49.919998,50.200001
2025-11-13,49.959999,50.16,48.07,48.619999
2025-11-14,47.82,49.32,47.41,48.830002
2025-11-17,48.400002,49.130001,47.290001,47.549999
2025-11-18,46.970001,47.650002,46.189999,46.73
2025-11-19,46.84,47.93,46.59,47.380001
2025-11-20,48.950001,49.110001,45.5,45.619999
2025-11-21,46.380001,47.09,45.02,46.849998
2025-11-24,47.279999,48.599998,47.200001,48.560001
2025-11-25,48.529999,49.310001,47.630001,49.259998
2025-11-26,49.540001,50.09,49.439999,50.009998
2025-11-28,49.990002,50.48,49.990002,50.34
2025-12-01,49.98,50.849998,49.91,50.52
2025-12-02,50.73,50.93,50.509998,50.880001
2025-12-03,50.549999,51.099998,50.52,51.02
2025-12-04,51.25,51.330002,50.849998,51.279999
2025-12-05,51.380001,51.639999,51.220001,51.599998
2025-12-08,51.599998,51.669998,50.939999,51.25
2025-12-09,51.169998,51.540001,51.130001,51.18
2025-12-10,51.049999,52.32,50.93,52.220001
2025-12-11,51.93,52.669998,51.459999,52.540001
2025-12-12,52.73,53.009998,51.389999,52.619999
2025-12-15,52.93,52.970001,52.0,52.619999
2025-12-16,52.540001,52.849998,52.040001,52.669998
2025-12-17,52.779999,53.080002,52.139999,52.380001
2025-12-18,52.810001,53.259998,52.490002,53.099998
2025-12-19,53.380001,54.169998,53.369999,54.110001
2025-12-22,54.52,55.049999,54.52,54.990002
2025-12-23,54.869999,55.09,54.849998,54.919998
2025-12-24,54.959999,55.110001,54.84,54.93
2025-12-26,55.130001,55.130001,54.68,55.0
2025-12-29,54.849998,55.560001,54.779999,55.369999
2025-12-30,55.389999,55.860001,55.389999,55.689999
2025-12-31,55.73,55.950001,55.34,55.380001
2026-01-02,55.970001,56.099998,55.48,55.82
2026-01-05,56.209999,56.290001,55.66,55.689999
2026-01-06,55.740002,56.110001,55.68,56.080002
2026-01-07,55.939999,55.939999,55.389999,55.540001
2026-01-08,55.439999,56.009998,55.380001,55.880001
2026-01-09,55.91,56.459999,55.619999,56.369999
2026-01-12,55.830002,56.34,55.77,56.34
2026-01-13,56.400002,56.41,55.259998,55.540001
2026-01-14,54.900002,55.130001,54.119999,54.849998
2026-01-15,55.68,55.970001,55.5,55.650002
2026-01-16,55.869999,55.970001,55.330002,55.57
2026-01-20,53.040001,54.240002,51.970001,52.299999
2026-01-21,53.549999,55.099998,53.189999,54.959999
2026-01-22,55.330002,55.57,54.860001,55.57
2026-01-23,55.18,55.73,54.950001,55.040001
2026-01-26,55.049999,55.419998,54.950001,55.060001
2026-01-27,55.150002,55.299999,54.59,54.599998
2026-01-28,54.740002,54.98,54.220001,54.470001
2026-01-29,54.16,54.439999,52.740002,54.220001
2026-01-30,54.139999,54.759998,53.669998,54.099998
2026-02-02,54.23,55.509998,54.23,55.349998
2026-02-03,55.240002,55.349998,52.93,54.169998
2026-02-04,54.389999,54.549999,52.650002,53.700001
2026-02-05,52.73,53.400002,51.75,52.07
2026-02-06,52.869999,53.959999,52.869999,53.869999
2026-02-09,53.919998,54.799999,53.700001,54.740002
2026-02-10,54.720001,54.779999,54.099998,54.169998
2026-02-11,54.810001,54.810001,53.560001,54.16
2026-02-12,54.5,54.66,52.419998,52.419998
2026-02-13,52.450001,53.419998,51.650002,52.080002
2026-02-17,51.869999,53.139999,51.240002,52.959999
2026-02-18,52.950001,53.59,52.610001,52.950001
2026-02-19,52.360001,52.52,51.779999,52.330002
2026-02-20,51.900002,53.189999,51.700001,52.950001
2026-02-23,52.75,53.200001,51.700001,51.77
2026-02-24,51.869999,52.84,51.639999,52.759998
2026-02-25,53.34,53.799999,53.130001,53.799999
2026-02-26,53.869999,53.91,52.34,53.369999
2026-02-27,52.119999,52.84,51.73,52.279999
2026-03-02,50.720001,52.48,50.720001,51.889999
2026-03-03,49.990002,51.52,48.029999,50.84
2026-03-04,51.099998,52.150002,50.860001,51.790001
2026-03-05,50.970001,51.380001,48.869999,49.98
2026-03-06,48.060001,48.849998,46.580002,46.580002
2026-03-09,46.369999,49.25,45.52,48.959999
2026-03-10,48.84,50.029999,47.66,47.720001
2026-03-11,48.099998,48.860001,47.720001,48.799999
2026-03-12,47.639999,48.009998,47.029999,47.099998
2026-03-13,47.709999,48.150002,46.66,46.68
2026-03-16,47.549999,48.540001,47.540001,48.529999
2026-03-17,48.880001,49.27,48.619999,48.720001
2026-03-18,48.110001,48.18,46.689999,46.779999
2026-03-19,45.700001,47.900002,45.389999,47.43
2026-03-20,47.299999,47.330002,45.43,45.790001
2026-03-23,47.330002,47.880001,46.369999,46.869999
2026-03-24,46.18,47.290001,46.040001,46.290001
2026-03-25,46.98,47.23,46.310001,47.02
2026-03-26,46.41,46.720001,45.189999,45.189999
2026-03-27,44.82,44.950001,43.349998,43.439999
2026-03-30,44.380001,44.419998,43.290001,43.66
2026-03-31,44.700001,45.849998,44.32,45.799999
2026-04-01,46.099998,46.560001,45.610001,46.27
2026-04-02,44.790001,46.419998,44.599998,46.23
2026-04-06,46.220001,46.98,46.220001,46.880001
2026-04-07,46.290001,46.389999,45.18,45.990002
2026-04-08,48.349998,48.669998,47.5,48.279999
2026-04-09,48.119999,49.299999,48.040001,49.299999
2026-04-10,49.400002,49.470001,48.66,48.869999
2026-04-13,48.59,49.919998,48.529999,49.860001
2026-04-14,50.540001,50.610001,50.060001,50.259998
2026-04-15,50.380001,50.48,49.880001,50.119999
2026-04-16,50.110001,50.360001,49.57,50.110001
2026-04-17,50.73,50.959999,50.450001,50.450001
2026-04-20,50.189999,50.25,49.669998,50.139999
2026-04-21,50.209999,50.209999,49.23,49.669998
2026-04-22,50.259998,50.299999,49.68,49.990002
2026-04-23,49.799999,50.099998,48.77,50.099998
2026-04-24,50.040001,50.32,49.689999,49.740002
2026-04-27,49.889999,50.619999,49.889999,50.580002
2026-04-28,50.150002,51.009998,50.029999,50.919998
2026-04-29,50.939999,51.040001,50.150002,50.439999
2026-04-30,50.669998,51.23,50.330002,51.23
2026-05-01,51.32,51.5,50.939999,50.970001
2026-05-04,51.009998,51.57,50.16,50.599998
2026-05-05,51.09,51.240002,50.599998,50.77
2026-05-06,51.360001,51.450001,51.060001,51.220001
2026-05-07,51.459999,51.52,51.029999,51.360001
2026-05-08,51.490002,51.700001,51.18,51.209999
2026-05-11,51.240002,51.450001,50.82,50.939999
2026-05-12,50.759998,51.619999,50.529999,51.400002
2026-05-13,51.43,51.540001,50.889999,50.98
2026-05-14,51.119999,51.759998,50.880001,51.540001
2026-05-15,50.82,51.610001,50.75,51.369999
2026-05-18,51.75,51.959999,51.400002,51.869999
2026-05-19,51.75,52.02,51.529999,51.77
2026-05-20,51.830002,52.27,51.720001,52.220001
2026-05-21,51.98,53.150002,51.93,53.07
2026-05-22,52.93,53.139999,52.630001,52.77
2026-05-26,53.439999,53.84,53.439999,53.599998
2026-05-27,53.720001,54.259998,53.52,54.220001
2026-05-28,54.040001,54.849998,54.040001,54.779999
2026-05-29,55.040001,55.529999,54.889999,55.189999
2026-06-01,54.84,55.279999,54.48,54.490002
2026-06-02,54.889999,55.040001,54.610001,54.98
2026-06-03,54.73,55.080002,54.599998,54.869999
2026-06-04,54.889999,56.0,54.810001,55.849998
2026-06-05,55.580002,55.68,53.360001,53.77
2026-06-08,54.540001,54.84,54.119999,54.349998
2026-06-09,54.689999,55.029999,52.189999,53.869999
2026-06-10,53.299999,53.580002,52.099998,52.389999
2026-06-11,52.529999,53.849998,51.880001,53.580002
2026-06-12,54.09,54.900002,53.689999,54.900002
2026-06-15,56.150002,56.849998,56.099998,56.849998
2026-06-16,56.849998,57.02,56.57,56.759998
2026-06-17,57.0,57.049999,55.16,55.529999
2026-06-18,56.509998,56.619999,56.02,56.439999
2026-06-22,57.09,57.459999,56.459999,56.52
2026-06-23,55.099998,55.68,54.810001,55.0
2026-06-24,55.290001,55.869999,54.709999,55.16
2026-06-25,56.27,56.27,55.220001,55.610001
2026-06-26,54.82,55.84,54.509998,55.529999
2026-06-29,56.240002,56.68,55.529999,56.59
2026-06-30,56.529999,57.419998,56.509998,57.259998
2026-07-01,56.93,57.349998,56.669998,57.09
2026-07-02,57.23,57.700001,56.630001,57.310001
2026-07-06,57.830002,58.169998,57.779999,58.07
2026-07-07,58.130001,58.299999,57.439999,57.830002
2026-07-08,57.150002,57.73,56.330002,57.290001
2026-07-09,57.580002,57.939999,57.259998,57.91
2026-07-10,57.98,58.619999,57.34,58.540001
2026-07-13,58.209999,58.549999,57.419998,57.66
2026-07-14,58.099998,58.400002,57.880001,58.0
2026-07-15,58.380001,58.950001,58.080002,58.830002
2026-07-16,58.610001,58.790001,57.779999,58.119999
2026-07-17,56.34,57.240002,56.209999,56.599998
2026-07-20,57.459999,57.98,56.939999,57.130001
2026-07-21,57.799999,58.220001,57.380001,58.139999
2026-07-22,57.869999,58.040001,57.52,57.790001
2026-07-23,56.310001,56.68,55.68,56.34
2026-07-24,56.549999,57.43,56.439999,56.82
2026-07-27,57.450001,57.549999,56.41,56.93
2026-07-28,56.93,57.48,56.509998,57.099998
2026-07-29,56.73,57.52,55.290001,55.349998
2026-07-30,56.450001,57.220001,56.16,57.220001
2026-07-31,57.59,58.18,56.41,58.060001
2026-08-03,58.360001,58.57,58.209999,58.259998
2026-08-04,58.759998,58.77,58.110001,58.110001
2026-08-05,58.049999,59.259998,57.84,59.07
2026-08-06,58.830002,59.549999,58.799999,59.5
2026-08-07,59.439999,59.59,59.240002,59.360001
2026-08-10,59.549999,59.84,59.419998,59.5
2026-08-11,59.490002,59.779999,59.419998,59.75
2026-08-12,60.07,60.75,59.990002,60.619999
2026-08-13,60.779999,60.849998,60.32,60.470001
2026-08-14,60.779999,60.900002,60.450001,60.790001
2026-08-17,60.919998,60.98,60.330002,60.549999
2026-08-18,60.380001,60.610001,60.27,60.369999
2026-08-19,60.82,61.43,60.759998,61.349998
2026-08-20,60.959999,61.259998,60.810001,61.029999
2026-08-21,61.580002,61.619999,61.369999,61.57
2026-08-24,61.740002,61.790001,61.299999,61.299999
2026-08-25,61.68,62.07,61.369999,62.07
2026-08-26,61.93,62.240002,61.84,62.150002
2026-08-27,62.23,63.009998,62.200001,62.950001
2026-08-28,62.689999,62.740002,62.32,62.549999
2026-08-31,62.360001,63.119999,62.259998,63.02
2026-09-01,62.619999,62.880001,61.830002,62.099998
2026-09-02,62.27,63.119999,62.27,63.029999
2026-09-03,63.16,63.709999,63.080002,63.700001
2026-09-04,64.0,64.110001,63.52,63.529999
2026-09-08,63.52,63.630001,62.919998,63.02
2026-09-09,62.830002,62.990002,62.43,62.599998
2026-09-10,61.900002,62.200001,61.450001,61.48
2026-09-11,62.59,63.09,62.560001,62.880001
2026-09-14,61.93,62.849998,61.869999,62.610001
2026-09-15,62.75,62.849998,62.169998,62.580002
2026-09-16,62.950001,63.02,61.52,62.310001
